State Name , PC NO. , PC NAME , ELECTORS , MALE , FEMALE , THIRD GENDER , TOTAL , NRI ,, TOTAL VOTERS , VOTER TURN OUT (%) , MALE , FEMALE , THIRD GENDER
Andaman & Nicobar Islands,1,Andaman & Nicobar Islands,318471,109407,97671,2,207080,0,318,207398,65.1230410304235,64.6330800949939,65.468402284366,22.2222222222222
Andhra Pradesh,1,Aruku ,1451418,523085,544258,19,1067362,0,10873,1078235,74.288385565013,73.7052943646452,73.3871250468565,20.2127659574468
Andhra Pradesh,2,Srikakulam,1553860,548060,594937,14,1143011,0,21275,1164286,74.9286293488474,70.0791116782749,77.105128098788,6.69856459330144
Andhra Pradesh,3,Vizianagaram,1503980,603059,605843,7,1208909,0,13524,1222433,81.279870742962,79.979602554853,80.7961954601042,5.69105691056911
Andhra Pradesh,4,Visakhapatnam,1829300,608306,624713,7,1233026,0,6895,1239921,67.7811731263325,66.2555371241917,68.5696817892945,6.03448275862069
Andhra Pradesh,5,Anakapalli,1521363,606111,626764,6,1232881,0,7575,1240456,81.5358333284035,80.789162905638,81.286127261338,9.09090909090909
Andhra Pradesh,6,Kakinada,1563930,616003,611330,66,1227399,0,9415,1236814,79.0837185807549,79.378863418764,77.6118607143038,29.3333333333333
Andhra Pradesh,7,Amalapuram ,1459556,617210,607337,0,1224547,0,10821,1235368,84.6399864068251,84.6239696389692,83.1773653021005,0
Andhra Pradesh,8,Rajahmundry,1534256,617706,626974,8,1244688,0,5800,1250488,81.5045207579439,81.9227861699447,80.3685055196353,6.55737704918033
Andhra Pradesh,9,Narsapuram,1439691,580912,587960,35,1168907,5,10255,1179162,81.9038251958233,81.9400012412758,80.4774223572729,22.8758169934641
Andhra Pradesh,10,Eluru ,1594950,659879,662137,32,1322048,0,10162,1332210,83.5267563246497,83.9987423337093,81.8224844174011,24.2424242424242
Andhra Pradesh,11,Machilipatnam ,1473347,609214,626244,14,1235472,0,10080,1245552,84.5389443220097,84.4336340831289,83.3085899462031,13.8613861386139
Andhra Pradesh,12,Vijayawada,1652994,632378,640718,36,1273132,0,4643,1277775,77.3006435595048,77.5724998129314,76.4935035475895,20.6896551724138
Andhra Pradesh,13,Guntur,1706119,659306,686873,31,1346210,0,5317,1351527,79.2164555930741,79.4255583410534,78.4269016331112,14.5539906103286
Andhra Pradesh,14,Narasaraopet,1670391,707594,721882,49,1429525,0,11207,1440732,86.2511831062308,86.152321420527,85.0417503086507,23.7864077669903
Andhra Pradesh,15,Bapatla ,1468671,618167,636396,7,1254570,0,15428,1269998,86.4726000581478,85.5406215102836,85.3161234276276,8.23529411764706
Andhra Pradesh,16,Ongole ,1556469,663664,659603,29,1323296,0,20707,1344003,86.3494872046922,84.946273719241,85.0983154583819,33.3333333333333
Andhra Pradesh,17,Nandyal,1603220,639159,649242,75,1288476,0,11309,1299785,81.0734022779157,80.6732712257394,80.0935104027239,22.4550898203593
Andhra Pradesh,18,Kurnool,1573009,596807,585326,24,1182157,0,8515,1190672,75.6939089350411,75.859478573889,74.4610938030717,12.0603015075377
Andhra Pradesh,19,Anantapur,1664160,672882,661447,46,1334375,0,13739,1348114,81.0086770502836,80.8206475914106,79.55668401859,25.2747252747253
Andhra Pradesh,20,Hindupur,1578218,672703,654120,20,1326843,0,13184,1340027,84.9075983165824,84.5702425207779,83.5712889464667,27.7777777777778
Andhra Pradesh,21,Kadapa,1570330,593730,625851,67,1219648,0,15899,1235547,78.6807231601001,76.6505764963019,78.6736190812605,28.6324786324786
Andhra Pradesh,22,Nellore,1672845,629756,644145,33,1273934,0,15227,1289161,77.0639838120089,76.6251432715309,75.7153133837832,14.1630901287554
Andhra Pradesh,23,Tirupati ,1650453,643590,660641,31,1304262,0,12211,1316473,79.7643434863035,79.3989960238201,78.6832392234115,12.156862745098
Andhra Pradesh,24,Rajampet,1546938,597375,615378,21,1212774,0,13378,1226152,79.2631637467048,77.8687776671238,78.9329687117202,13.0434782608696
Andhra Pradesh,25,Chittoor ,1566499,650995,658150,27,1309172,0,10463,1319635,84.2410368599022,83.4927959656382,83.6654399379644,17.7631578947368
Arunachal Pradesh,1,ARUNACHAL WEST,463775,160826,183297,0,344123,0,19924,364047,78.4964691930354,71.2338111014652,77.014575446528,0
Arunachal Pradesh,2,ARUNACHAL EAST,339788,139963,142891,0,282854,0,12865,295719,87.0304425112129,80.4500646644633,86.1759934383914,0
Assam,1,Karimganj ,1340173,556550,502069,0,1058619,0,2541,1061160,79.1808221774353,79.6461823354485,78.2798572446471,0
Assam,2,Silchar,1195720,485516,459284,2,944802,0,5888,950690,79.5077442879604,78.5231979479516,79.5522884420857,2.66666666666667
Assam,3,Autonomous District,795945,312945,302927,0,615872,0,1986,617858,77.6257153446532,77.1971760108934,77.5632113274699,0
Assam,4,Dhubri,1858566,862010,820604,2,1682616,0,2442,1685058,90.6644154687001,90.6111345286436,90.4532893598306,8.33333333333333
Assam,5,Kokrajhar,1776358,751087,718477,0,1469564,0,10180,1479744,83.3021271613042,82.4358452317321,83.0415324976133,0
Assam,6,Barpeta,1685149,750196,702041,1,1452238,0,6570,1458808,86.5684874156529,85.9241476547118,86.4537794843124,6.25
Assam,7,Gauhati,2181319,899023,862213,4,1761240,0,2710,1763950,80.8662098482615,81.4792962689056,79.9926706962375,5.12820512820513
Assam,8,Mangaldoi,1800237,777107,724548,0,1501655,0,4764,1506419,83.6789267190931,83.9611908530557,82.8386211627508,0
Assam,9,Tezpur,1499639,598677,587656,2,1186335,0,5550,1191885,79.4781277360751,77.9302076743441,80.3482702704181,6.45161290322581
Assam,10,Nowgong,1794648,761620,728706,3,1490329,0,3295,1493624,83.2265714502231,82.5801275100837,83.5366419853288,6.12244897959184
Assam,11,Kaliabor,1734938,728541,693125,5,1421671,0,3124,1424795,82.1236839587351,82.1673593449538,81.7136012694565,10.8695652173913
Assam,12,Jorhat,1365035,535678,518560,1,1054239,0,4581,1058820,77.5672418655932,77.2264238530893,77.2376977637172,14.2857142857143
Assam,13,Dibrugarh,1314319,514418,499258,1,1013677,0,2315,1015992,77.3017813787977,77.391934911207,76.8563375251501,3.57142857142857
Assam,14,Lakhimpur,1708013,651081,628945,2,1280028,0,3922,1283950,75.1721444743102,74.8243398234319,75.0687792796825,4.76190476190476
Bihar,1,Valmiki Nagar,1665502,530289,499397,2,1029688,0,2543,1032231,61.9771696461487,59.2613577312364,64.8083573954514,2.08333333333333
Bihar,2,Paschim Champaran,1633824,524330,483548,5,1007883,0,5490,1013373,62.0246121981315,59.625980110648,64.0973706117212,7.93650793650794
Bihar,3,Purvi Champaran,1658672,502773,490037,0,992810,0,7325,1000135,60.2973342529445,56.8798569102895,63.2530252670302,0
Bihar,4,Sheohar,1686215,500312,500529,0,1000841,0,4086,1004927,59.5966113455283,55.7953631741592,63.4017601994285,0
Bihar,5,Sitamarhi,1752454,504721,529645,1,1034367,0,5233,1039600,59.3225271533518,54.3469857359904,64.3009504708649,1.78571428571429
Bihar,6,Madhubani,1792798,454516,507776,2,962294,0,2412,964706,53.8100778782663,48.0373039602694,59.980108059071,3.92156862745098
Bihar,7,Jhanjharpur,1852417,496451,562801,0,1059252,0,3139,1062391,57.3516114352222,51.1508268911962,63.8250507208657,0
Bihar,8,Supaul,1690620,529157,580683,0,1109840,0,1156,1110996,65.7152997125315,60.0948057832891,71.6844802939063,0
Bihar,9,Araria,1805439,575565,593532,1,1169098,0,643,1169741,64.7898378178382,60.5514345018984,69.4321841473872,1.58730158730159
Bihar,10,Kishanganj,1659651,537374,563614,3,1100991,0,665,1101656,66.378774814705,62.5538671428472,70.4048427735022,5
Bihar,11,Katihar,1653353,554254,562770,0,1117024,0,1265,1118289,67.6376430199721,63.2642159402986,72.4116101505182,0
Bihar,12,Purnia,1765312,574694,578456,1,1153151,0,838,1153989,65.3702574955589,62.72404406773,68.1309155324392,2
Bihar,13,Madhepura,1884883,552934,592789,0,1145723,0,1929,1147652,60.8871744293943,56.5938126265325,65.297357434762,0
Bihar,14,Darbhanga,1654811,468623,493457,2,962082,0,3428,965510,58.3456358460271,53.4824666920789,63.3797516478887,9.52380952380952
Bihar,15,Muzaffarpur,1730553,532392,521572,0,1053964,0,4543,1058507,61.1658238724847,57.7036131415342,64.5598590895531,0
Bihar,16,Vaishali,1735983,536923,535176,2,1072101,0,2650,1074751,61.9102260794029,57.5840611915711,66.6040255426443,4.16666666666667
Bihar,17,Gopalganj (SC),1839514,476256,539136,2,1015394,0,10662,1026056,55.7786458814665,50.6245475737196,59.9919882494325,2.73972602739726
Bihar,18,Siwan,1799551,471597,510554,0,982151,0,2699,984850,54.7275403697922,49.9602730670464,59.6752513575999,0
Bihar,19,Maharajganj,1807768,467023,501866,2,968891,0,4098,972989,53.8226697231061,48.7830431390081,59.0172301063535,4.08163265306123
Bihar,20,Saran,1667253,479986,458722,0,938708,0,4907,943615,56.5969891792068,53.5280472844876,59.5336172951984,0
Bihar,21,Hajipur (SC),1823664,518835,485247,4,1004086,0,3594,1007680,55.2557927337492,52.7175442678618,57.8070014509915,6.77966101694915
Bihar,22,Ujiarpur,1612300,478018,488760,1,966779,0,3083,969862,60.1539415741487,55.5222847372896,65.0558437254174,1.69491525423729
Bihar,23,Samastipur (SC),1679030,496337,520796,0,1017133,0,2638,1019771,60.7357224111541,55.6761177019581,66.1308099816641,0
Bihar,24,Begusarai,1958382,603585,613828,3,1217416,0,9087,1226503,62.6283840435625,57.8435215275056,67.0966867466587,4.83870967741936
Bihar,25,Khagaria,1676454,467181,497927,4,965112,0,2299,967411,57.7057885274514,52.7302442597657,62.9939678860781,11.4285714285714
Bihar,26,Bhagalpur,1823820,546334,493759,3,1040096,0,3086,1043182,57.1976401179941,56.5127308649127,57.6144157683844,4.34782608695652
Bihar,27,Banka,1699394,497999,496121,0,994120,0,1740,995860,58.6008894935489,55.1194811232,62.3357645891052,0
Bihar,28,Munger,1888025,547935,483085,1,1031021,0,5420,1036441,54.8955125064552,53.9662513333117,55.3588351708545,1.88679245283019
Bihar,29,Nalanda,2114809,559964,469057,0,1029021,0,2853,1031874,48.7927751395043,49.8604707487209,47.2996111617551,0
Bihar,30,Patna Sahib,2146008,548683,429918,1,978602,0,4337,982939,45.8031377329441,48.3986578152097,42.4726567169487,0.900900900900901
Bihar,31,Pataliputra,1925479,595000,478175,0,1073175,0,5634,1078809,56.0280844402873,58.8522718955179,52.2928245069542,0
Bihar,32,Arrah,2089353,607717,465201,1,1072919,0,9545,1082464,51.8085742332674,52.851344640787,49.5223952095808,0.854700854700855
Bihar,33,Buxar,1829373,543539,436752,0,980291,0,6671,986962,53.9508345208987,55.9551114698204,50.9053950730097,0
Bihar,34,Sasaram (SC),1787878,531450,437794,0,969244,0,6333,975577,54.5661952325606,56.5870185791116,51.5855285173612,0
Bihar,35,Karakat,1771254,483732,380773,2,864507,0,5039,869546,49.0921121420192,51.6047955040549,45.6661457702451,3.50877192982456
Bihar,36,Jahanabad,1588454,443543,373430,1,816974,0,5259,822233,51.7630979556223,53.4461276702398,49.2312681767965,2.27272727272727
Bihar,37,Aurangabad,1742883,485950,446877,5,932832,0,2637,935469,53.6736545138142,52.805384530125,54.3272568125315,9.61538461538462
Bihar,38,Gaya (SC),1704596,499260,455841,1,955102,0,2552,957654,56.1807020549151,56.4789089296542,55.5522922094857,1.72413793103448
Bihar,39,Nawada,1899747,482016,453338,1,935355,0,9336,944691,49.7272005167004,48.7578293168466,49.7585818950141,1.25
Bihar,40,Jamui (SC),1718814,479673,467631,2,947306,0,2255,949561,55.2451283268579,52.6127420602059,57.9415270470861,5.71428571428571
Chandigarh,1,CHANDIGARH,646729,240635,215557,15,456207,1,430,456637,70.6071631239669,70.3197828177007,70.7888488606173,71.4285714285714
Chhattisgarh,1,SARGUJA,1655239,648612,629773,7,1278392,0,2824,1281216,77.4036861142107,78.0725606387243,76.3878797876379,41.1764705882353
Chhattisgarh,2,RAIGARH,1733805,671128,675724,11,1346863,0,3878,1350741,77.9061659183126,77.5534305936733,77.8123495800332,39.2857142857143
Chhattisgarh,3,JANJGIR-CHAMPA,1897134,635661,607315,4,1242980,0,5494,1248474,65.8084247080069,65.8050510571691,65.2232280458323,16
Chhattisgarh,4,KORBA,1508840,574105,560913,18,1135036,0,2387,1137423,75.3839373293391,75.6172412657644,74.8323016169486,32.7272727272727
Chhattisgarh,5,BILASPUR,1876953,623184,584177,22,1207383,0,2878,1210261,64.4800908706824,65.3466280924314,63.2771990558956,24.1758241758242
Chhattisgarh,6,RAJNANDGAON,1716459,663568,640925,3,1304496,0,3382,1307878,76.1962854924003,77.235496985971,74.7605283540028,50
Chhattisgarh,7,DURG,1940269,715194,674156,11,1389361,0,3358,1392719,71.7796862187666,73.0895088286572,70.101540525224,16.6666666666667
Chhattisgarh,8,RAIPUR,2111738,721979,671279,33,1393291,0,3851,1397142,66.1607642614756,67.3154435629366,64.6137779018394,11.1111111111111
Chhattisgarh,9,MAHASAMUND,1637951,617513,602242,5,1219760,0,3007,1222767,74.6522331864629,75.8906362143721,73.0662512541842,22.7272727272727
Chhattisgarh,10,BASTAR,1379122,444689,465274,12,909975,0,3786,913761,66.2567198550962,67.0308964756282,65.0121843526085,29.2682926829268
Chhattisgarh,11,KANKER,1558952,577274,577547,8,1154829,0,5414,1160243,74.4245493126151,74.8491410048623,73.3233799390862,25.8064516129032
Dadra & Nagar Haveli,1,Dadra And Nagar Haveli,250029,103446,95479,0,198925,0,59,198984,79.5843682132873,78.133190329086,81.1696095350636,0
Daman & Diu,1,Daman & diu,121740,41600,45841,0,87441,0,32,87473,71.8523081977986,68.2000754135449,75.4671320152116,0
Goa,1,North Goa,556761,209594,218000,0,427594,1,1412,429006,77.0538884727917,76.9632431241509,76.6442476382673,0
Goa,2,South Goa,579352,199877,223780,0,423657,0,1061,424718,73.309145390022,70.446447137938,75.697763705801,0
Gujarat,1,Kachchh,1744321,550098,465094,3,1015195,0,8957,1024152,58.7135051403956,60.4967991897073,55.6993465930865,25
Gujarat,2,Banaskantha,1697384,614524,482443,3,1096970,0,6769,1103739,65.0258868941854,68.9845467179456,59.8144479187072,75
Gujarat,3,Patan,1807043,610449,509917,7,1120373,0,8044,1128417,62.4454979765285,65.0381098697851,58.7177863245895,33.3333333333333
Gujarat,4,Mahesana,1648869,584781,492257,9,1077047,0,7630,1084677,65.7830913189586,68.4295333113341,61.9768866326979,25
Gujarat,5,Sabarkantha,1801717,645239,562915,14,1208168,0,12810,1220978,67.7674684759038,69.6976996396505,64.2673331080402,26.4150943396226
Gujarat,6,Gandhinagar,1945772,689408,586038,7,1275453,0,10373,1285826,66.0830765372305,68.6462389885003,62.2495044793368,14.8936170212766
Gujarat,7,Ahmedabad East,1811851,619676,489608,12,1109296,0,9768,1119064,61.7635776893354,64.8187838449896,57.2125019426926,17.910447761194
Gujarat,8,Ahmedabad West,1643317,544767,446929,6,991702,0,7531,999233,60.8058579081212,63.9501468547723,56.4710713518568,24
Gujarat,9,Surendranagar,1849429,598970,470272,9,1069251,0,10948,1080199,58.4071624268896,61.6682350470205,53.554533673151,27.2727272727273
Gujarat,10,Rajkot,1884339,658951,530759,2,1189712,0,6588,1196300,63.4864533398714,67.2307737827417,58.700071224126,11.1111111111111
Gujarat,11,Porbandar,1662368,533165,410171,5,943341,0,7766,951107,57.2139863134998,61.6100080079779,51.4663682025273,41.6666666666667
Gujarat,12,Jamnagar,1657166,557825,446952,5,1004782,0,6667,1011449,61.034863133808,65.0222228957022,55.921916113122,20.8333333333333
Gujarat,13,Junagadh,1642864,542217,454800,8,997025,0,10227,1007252,61.3107353986696,63.8675526019146,57.2884716398132,50
Gujarat,14,Amreli,1628451,495865,411648,6,907519,0,3924,911443,55.9699370751714,58.7425900214658,52.4861723477556,28.5714285714286
Gujarat,15,Bhavnagar,1768297,567578,464533,9,1032120,0,12122,1044242,59.0535413451473,61.618180456205,54.8353815952716,25.7142857142857
Gujarat,16,Anand,1655870,602173,503504,30,1105707,0,4377,1110084,67.0393207196217,70.4531574304387,62.8556590865966,27.7777777777778
Gujarat,17,Kheda,1804028,612434,481581,23,1094038,0,7135,1101173,61.0396845281781,65.7845043341891,55.1648021846857,31.9444444444444
Gujarat,18,Panchmahal,1744762,577870,498261,6,1076137,0,9581,1085718,62.2272837212181,64.3070249529552,58.8866328817117,40
Gujarat,19,Dahod,1598939,543050,514433,3,1057486,0,6905,1064391,66.5685807901365,67.5572286421252,64.701554297271,18.75
Gujarat,20,Vadodara,1794896,647847,570017,42,1217906,0,5803,1223709,68.1771534395308,70.2202379597504,65.3561805611291,31.5789473684211
Gujarat,21,Chhota Udaipur,1671253,652896,573945,1,1226842,0,8213,1235055,73.8999421392213,75.7058111436297,70.9599050480323,9.09090909090909
Gujarat,22,Bharuch,1564519,606980,538517,13,1145510,0,5148,1150658,73.5470774084559,75.4150136733043,70.8924798420273,31.7073170731707
Gujarat,23,Bardoli,1826526,706293,637358,0,1343651,0,5994,1349645,73.8913653569673,75.5504282445663,71.4812991298087,0
Gujarat,24,Surat,1655704,593569,472777,13,1066359,0,2894,1069253,64.5799611524765,66.5928079152648,61.8571929494023,22.0338983050847
Gujarat,25,Navsari,1971658,713388,589682,11,1303081,0,6155,1309236,66.4027939936845,66.2638504830543,65.8866986817789,14.2857142857143
Gujarat,26,Valsad,1671030,647087,609749,2,1256838,0,4526,1261364,75.4842223060029,75.843869369174,74.5566637687645,14.2857142857143
Haryana,1,Ambala,1853711,707597,605795,2,1313394,0,4528,1317922,71.0964114686701,71.4250961961635,70.1966519002963,6.66666666666667
Haryana,2,Kurukshetra,1657335,654657,572801,4,1227462,0,3703,1231165,74.2858263416871,74.1568031753476,73.955706703128,26.6666666666667
Haryana,3,Sirsa,1803349,730867,636499,4,1367370,0,2946,1370316,75.9872880956487,76.2089819922213,75.3867053885294,57.1428571428571
Haryana,4,Hisar,1631817,638294,536805,1,1175100,0,6778,1181878,72.4271165210315,72.3343253001399,71.632452080898,14.2857142857143
Haryana,5,Karnal,1904193,706599,591424,3,1298026,0,3448,1301474,68.3477987788003,69.3269507185347,66.8339897052259,5.88235294117647
Haryana,6,Sonipat,1592611,610957,512815,4,1123776,0,7370,1131146,71.0246255990948,70.5205614801357,70.6130126281786,16
Haryana,7,Rohtak,1737133,653164,556508,2,1209674,0,15320,1224994,70.5181468546162,69.6555210268464,69.6149280280807,11.1111111111111
Haryana,8,Bhiwani-Mahendragarh,1654317,608691,538446,3,1147140,0,18766,1165906,70.4765773427946,68.3961665219018,70.444676739674,20
Haryana,9,Gurgaon,2150728,775280,666146,12,1441438,0,6663,1448101,67.3307363832154,67.686279576952,66.2645245169768,27.906976744186
Haryana,10,Faridabad,2071816,741280,583185,2,1324467,0,3660,1328127,64.1044861126664,64.8630864566982,62.7802280255476,4.25531914893617
Himachal Pradesh,1,Kangra,1427338,470334,520805,3,991142,0,18414,1009556,70.7299882718739,64.6610318621251,74.4077298716736,15
Himachal Pradesh,2,Mandi,1281462,461030,469659,2,930691,0,12457,943148,73.599373215905,70.8409394034383,74.4709122650679,40
Himachal Pradesh,3,Hamirpur,1362269,458194,514168,3,972365,0,19722,992087,72.8260717963926,66.2433513618233,76.6752314045027,42.8571428571429
Himachal Pradesh,4,Shimla,1259085,475787,431773,8,907568,0,7581,915149,72.6836551940497,72.7227289957325,71.3884415580121,53.3333333333333
Jammu & Kashmir,1,Baramulla,1317738,250078,202036,0,452114,0,3885,455999,34.60467862352,36.6886632180299,31.7624716232447,0
Jammu & Kashmir,2,Srinagar,1294671,106916,79450,0,186366,0,497,186863,14.4332421132473,16.0151469533084,12.670400540944,0
Jammu & Kashmir,3,Anantnag,1397779,71575,51274,0,122849,0,2616,125465,8.97602553765653,9.87791817785359,7.61704706840101,0
Jammu & Kashmir,4,Ladakh,179232,62035,61258,0,123293,0,4057,127350,71.0531601499732,66.6749067615352,71.0732103492285,0
Jammu & Kashmir,5,Udhampur,1685816,610575,558519,1,1169095,0,13585,1182680,70.1547499845772,68.1151109955856,70.7535983663252,2.32558139534884
Jammu & Kashmir,6,Jammu,2047302,758278,697010,2,1455290,0,29097,1484387,72.5045450060616,70.0835425980371,72.2053710909174,8.69565217391304
Jharkhand,1,Rajmahal,1454436,528919,516393,0,1045312,0,2541,1047853,72.0453151599658,71.2532112637729,72.5150887914643,0
Jharkhand,2,Dumka,1397253,518137,505399,2,1023538,0,2443,1025981,73.4284342205742,72.0675698230778,74.5111943929257,28.5714285714286
Jharkhand,3,Godda,1716766,610174,578795,0,1188969,0,5374,1194343,69.569353074327,67.2781721433124,71.4720555185103,0
Jharkhand,4,Chatra,1425218,463730,458631,0,922361,0,3595,925956,64.9694292381937,61.7517068175493,68.0204077092495,0
Jharkhand,5,Kodarma,1814125,594662,613587,5,1208254,0,1407,1209661,66.6801350513333,61.9102946106388,71.883358111124,31.25
Jharkhand,6,Giridih,1649413,576909,526778,3,1103690,0,3466,1107156,67.1242435945394,65.5905616551894,68.4275680569682,15.7894736842105
Jharkhand,7,Dhanbad,2072634,681732,567412,7,1249151,0,4114,1253265,60.4672605004067,60.5573824662762,59.9270413734979,20.5882352941176
Jharkhand,8,Ranchi,1915959,641669,589258,5,1230932,0,4682,1235614,64.4906284529053,63.968214725064,64.5549956178791,9.43396226415094
Jharkhand,9,Jamshedpur,1703279,590506,552796,15,1143317,0,1110,1144427,67.1896383387572,67.6473620660818,66.5774624987204,26.7857142857143
Jharkhand,10,Singhbhum,1269917,441917,436562,1,878480,0,1036,879516,69.2577546406576,69.4054510788135,68.9462280003538,14.2857142857143
Jharkhand,11,Khunti,1202664,410870,419556,0,830426,0,2408,832834,69.2491003305994,68.0212306632761,70.0860297679702,0
Jharkhand,12,Lohardaga,1234286,404489,409371,0,813860,0,4507,818367,66.3028665965587,63.9412262189869,68.0375413007492,0
Jharkhand,13,Palamau,1881441,626122,579847,0,1205969,0,4457,1210426,64.3350495710469,61.6317619311985,66.9930551463665,0
Jharkhand,14,Hazaribagh,1667465,552495,526659,1,1079155,0,2227,1081382,64.8518559609947,62.2694459941506,67.5041143929412,8.33333333333333
Karnataka,1,Chikkodi,1612556,632366,579970,9,1212345,0,7138,1219483,75.6242263834558,76.6475441528864,73.6499768879497,15.7894736842105
Karnataka,2,Belgaum,1779350,625609,573504,4,1199117,0,8025,1207142,67.8417399612218,69.6918386193729,65.0514509718517,7.27272727272727
Karnataka,3,Bagalkot,1704010,619749,580993,14,1200756,0,3946,1204702,70.6980592836896,72.589095278978,68.3407811174852,15.2173913043478
Karnataka,4,Bijapur,1797587,588408,520348,25,1108781,0,3712,1112493,61.8881311446956,63.757041730822,59.507311645226,9.29368029739777
Karnataka,5,Gulbarga,1945765,610885,574754,6,1185645,0,4826,1190471,61.1826710830959,62.2990960341353,59.5688890362914,1.75953079178886
Karnataka,6,Raichur,1928204,575578,546569,5,1122152,0,2810,1124962,58.3424782854926,60.2108086507702,56.2372221804941,1.36239782016349
Karnataka,7,Bidar,1775095,577170,536980,2,1114152,0,4103,1118255,62.9969100245339,62.753058446444,62.7867602695839,1.94174757281553
Karnataka,8,Koppal,1736693,606297,581406,7,1187710,0,2917,1190627,68.5571370414921,70.2524605284198,66.5563891871596,6.19469026548673
Karnataka,9,Bellary,1751734,621814,597246,17,1219077,0,2908,1221985,69.7585934850839,71.3643505336138,67.855061300031,7.32758620689655
Karnataka,10,Haveri,1708510,661429,601867,0,1263296,0,4592,1267888,74.2101597298231,75.7799933091056,72.0280373048859,0
Karnataka,11,Dharwad,1727311,640913,569597,8,1210518,0,3620,1214138,70.2906425073423,73.0471759615954,67.026473007464,7.54716981132076
Karnataka,12,Uttara Kannada,1556599,591099,559157,5,1150261,0,4129,1154390,74.1610395484001,74.775142883889,72.9898508631661,22.7272727272727
Karnataka,13,Davanagere,1633064,617489,574795,9,1192293,0,2932,1195225,73.189109551126,75.0121783074279,70.984254399506,6.97674418604651
Karnataka,14,Shimoga,1676668,641691,640582,6,1282279,0,1788,1284067,76.5844520203165,77.1380968008338,75.8314047434433,12
Karnataka,15,Udupi Chikmagalur,1513806,563341,585785,5,1149131,11,2492,1151623,76.074675354702,76.2234715485106,75.6157002763697,9.25925925925926
Karnataka,16,Hassan,1652999,644500,629935,3,1274438,0,4215,1278653,77.353525319737,77.2928204623898,76.9046235435447,6.66666666666667
Karnataka,17,Dakshina Kannada,1724976,653563,689629,21,1343213,5,2134,1345347,77.9922155438684,77.272856254419,78.4482327139035,20.5882352941176
Karnataka,18,Chitradurga,1760633,639390,603639,6,1243035,0,3471,1246506,70.7987411345806,71.8627281289548,69.3206873742524,5.8252427184466
Karnataka,19,Tumkur,1608545,630450,611065,13,1241528,0,3941,1245469,77.4282970013273,78.4598497632951,75.9187867207194,10.8333333333333
Karnataka,20,Mandya,1712004,695384,680954,28,1376366,0,3256,1379622,80.5852089130633,81.278987133453,79.5223664465348,19.047619047619
Karnataka,21,Mysore,1896333,664932,647532,14,1312478,0,5625,1318103,69.5079925308477,70.254855740937,68.1809279729101,9.33333333333333
Karnataka,22,Chamarajanagar,1686333,646902,620802,11,1267715,0,3010,1270725,75.354333930487,76.7335270743135,73.6272325002461,9.64912280701754
Karnataka,23,Bangalore Rural,2497458,831105,789254,39,1620398,0,2426,1622824,64.9790306783938,64.5356042440582,65.2657379146328,11.4369501466276
Karnataka,24,Bangalore North,2849250,805444,750147,103,1555694,0,4630,1560324,54.7626217425638,54.3489247881392,54.8847755323329,20.7661290322581
Karnataka,25,Bangalore central,2204817,621875,572763,67,1194705,0,2982,1197687,54.3213790532275,54.2566436305863,54.1237537172324,16.8765743073048
Karnataka,26,Bangalore South,2215489,616311,568793,33,1185137,0,4520,1189657,53.6972650281721,53.4277961752518,53.5785909071642,9.59302325581395
Karnataka,27,Chikkballapur,1808780,706576,678457,36,1385069,0,2918,1387987,76.7360873074669,77.5744480894475,75.5767478439489,15.1260504201681
Karnataka,28,Kolar,1629961,642572,613779,20,1256371,0,2722,1259093,77.2468175618926,78.5893898477555,75.5726318718595,12.6582278481013
Kerala,1,Kasaragod,1363937,507542,588600,1,1096143,204,3956,1100099,80.6561446753039,76.9639732263357,83.5508693634037,50
Kerala,2,Kannur,1266550,484899,563025,1,1047925,186,6821,1054746,83.2770913110418,80.6055820602756,84.6685965637806,20
Kerala,3,Vadakara,1288926,485642,575195,1,1060838,21477,5094,1065932,82.6992395218965,78.3778985694366,85.9408150702533,5.55555555555556
Kerala,4,Wayanad,1359679,529074,560841,0,1089915,57,2844,1092759,80.3688958938102,78.4037509984336,81.8900201643813,0
Kerala,5,Kozhikode,1318024,513589,557937,7,1071533,2693,5349,1076882,81.704278526036,80.036434811608,82.4966177003319,46.6666666666667
Kerala,6,Malappuram,1370544,496309,536688,0,1032997,63,1802,1034799,75.5027930515182,71.8148734978549,78.9890587331444,0
Kerala,7,Ponnani,1356803,466412,549928,1,1016341,104,1025,1017366,74.9825877448679,69.2902390035773,80.4377556975671,16.6666666666667
Kerala,8,Palakkad,1323010,494469,531513,1,1025983,12,2891,1028874,77.7676661552067,76.3980798081662,78.6520129391605,20
Kerala,9,Alathur ,1266794,493240,522650,2,1015892,22,3484,1019376,80.4689633831546,79.4465607357714,80.9124615872868,50
Kerala,10,Thrissur,1337110,488619,551694,5,1040318,45,1804,1042122,77.9383895117081,75.9216759920632,79.5509797984168,29.4117647058824
Kerala,11,Chalakudy,1230197,482031,506846,6,988883,0,1550,990433,80.5101134208586,80.3565802305519,80.4103921158008,75
Kerala,12,Ernakulam,1245972,480105,485690,6,965801,0,1589,967390,77.6413916203574,78.994650928231,76.1042949591814,46.1538461538462
Kerala,13,Idukki,1204191,466078,451489,1,917568,5,1991,919559,76.3632181273569,77.8172735453861,74.5955796705158,33.3333333333333
Kerala,14,Kottayam,1206698,456630,451086,3,907719,15,2929,910648,75.4661066812077,77.1983864805191,73.3249023062869,37.5
Kerala,15,Alappuzha,1356701,520042,562480,0,1082522,196,7590,1090112,80.3502024395943,79.1384948769572,80.4041362787786,0
Kerala,16,Mavelikkara ,1308102,450140,514148,1,964289,421,8071,972360,74.33365288028,72.2439867561785,75.0561299119147,100
Kerala,17,Pathanamthitta,1382741,490914,531776,3,1022693,13,4685,1027378,74.3001039240176,73.7444719511609,74.162461892051,100
Kerala,18,Kollam,1296720,445672,515612,4,961288,0,7729,969017,74.7283145166266,71.7568903501286,76.3161867660511,50
Kerala,19,Attingal,1350710,458921,540333,4,999258,10,6790,1006048,74.4829015850923,72.4702883834923,75.3138232777005,28.5714285714286
Kerala,20,Thiruvananthapuram,1371427,490244,513476,15,1003735,11,7533,1011268,73.738376158556,73.7582805120791,72.6551865634684,44.1176470588235
Lakshadweep,1,Lakshadweep,55189,23328,23549,0,46877,0,149,47026,85.2090090416568,83.1568816169394,86.7813974056604,0
Madhya Pradesh,1,MORENA,1837723,646523,486232,13,1132768,0,5966,1138734,61.964398334243,64.7139724157122,57.9804987521062,20.6349206349206
Madhya Pradesh,2,BHIND,1765334,561487,393454,18,954959,0,7758,962717,54.5345526682203,57.9876627487512,49.3674332583429,32.1428571428571
Madhya Pradesh,3,GWALIOR,2000744,621943,570556,27,1192526,0,4362,1196888,59.8221461616279,57.6023554298437,61.9523106323836,40.9090909090909
Madhya Pradesh,4,GUNA,1675724,658166,514437,24,1172627,0,6080,1178707,70.3401634159325,74.0210153166862,65.4068115328428,54.5454545454545
Madhya Pradesh,5,SAGAR,1583129,594998,440864,12,1035874,0,1662,1037536,65.5370472020916,70.7262480847387,59.4298100759885,32.4324324324324
Madhya Pradesh,6,TIKAMGARH,1647399,607602,487321,12,1094935,0,2519,1097454,66.6173768467748,69.402949272962,63.1326596709418,41.3793103448276
Madhya Pradesh,7,DAMOH,1768777,655175,508615,11,1163801,0,604,1164405,65.8310798930561,70.1629165412817,60.9147482160865,45.8333333333333
Madhya Pradesh,8,KHAJURAHO,1842095,681995,574761,14,1256770,0,1546,1258316,68.3089634356534,70.2609564626131,65.9592512175977,29.7872340425532
Madhya Pradesh,9,SATNA,1575064,586320,525591,5,1111916,0,1839,1113755,70.7117298090744,70.4376282442491,70.7737987032661,15.1515151515152
Madhya Pradesh,10,REWA,1679534,534294,475310,3,1009607,0,5025,1014632,60.4115189094118,59.6745172542042,60.6126685846035,27.2727272727273
Madhya Pradesh,11,SIDHI,1845547,671661,609283,2,1280946,0,1759,1282705,69.502700283439,69.4884742995658,69.3195729440194,10
Madhya Pradesh,12,SHAHDOL,1656474,640890,593874,9,1234773,0,3713,1238486,74.7664014044289,75.5260627315666,73.5100837870924,36
Madhya Pradesh,13,JABALPUR,1819893,673476,589120,15,1262611,0,1449,1264060,69.4579296694916,71.5057296870305,67.1007775954112,18.5185185185185
Madhya Pradesh,14,MANDLA,1951267,770677,743270,12,1513959,0,3972,1517931,77.7920704854846,78.3737993664418,76.7914686018388,48
Madhya Pradesh,15,BALAGHAT,1767725,683773,683107,5,1366885,0,5845,1372730,77.6551782658502,77.2139763041524,77.4357259454067,55.5555555555556
Madhya Pradesh,16,CHHINDWARA,1514783,643874,602327,9,1246210,0,2268,1248478,82.4195940936755,83.2015072240536,81.2975440415067,50
Madhya Pradesh,17,HOSHANGABAD,1706141,699824,564814,41,1264679,0,1625,1266304,74.2203604508654,77.9254155304325,69.9019441615131,65.0793650793651
Madhya Pradesh,18,VIDISHA,1741604,695861,550527,21,1246409,0,4604,1251013,71.8310821518554,75.671364085678,66.9760430961488,46.6666666666667
Madhya Pradesh,19,BHOPAL,2142861,761678,644492,66,1406236,0,2433,1408669,65.7377683386837,67.9006270537034,63.1283033800753,36.0655737704918
Madhya Pradesh,20,RAJGARH,1694329,701961,556087,12,1258060,0,2870,1260930,74.4206113452582,79.6737733870272,68.3776017234362,46.1538461538462
Madhya Pradesh,21,DEWAS,1760503,760239,636493,12,1396744,0,2952,1399696,79.5054595192397,83.1578452262714,75.2125531308973,37.5
Madhya Pradesh,22,UJJAIN,1661229,671867,578580,18,1250465,0,2598,1253063,75.4298775183915,78.9679246835369,71.3990426323538,25
Madhya Pradesh,23,MANDSOUR,1760875,729015,639206,15,1368236,0,3299,1371535,77.8894015759211,80.8444690878847,74.4042304786759,57.6923076923077
Madhya Pradesh,24,RATLAM,1851112,721186,676258,11,1397455,0,3880,1401335,75.7023345967181,77.5864257696934,73.3821130977248,37.9310344827586
Madhya Pradesh,25,DHAR,1786151,705191,637344,10,1342545,0,1629,1344174,75.2553395541586,77.5302368484414,72.7119229966242,20.4081632653061
Madhya Pradesh,26,INDORE,2350580,876605,750081,50,1626736,0,2859,1629595,69.3273575032545,72.541537779146,65.6823837853837,27.7777777777778
Madhya Pradesh,27,KHARGONE,1834385,741129,684159,10,1425298,0,2704,1428002,77.8463626774096,79.764794009103,75.5790562104587,52.6315789473684
Madhya Pradesh,28,KHANDWA,1909055,774542,691781,18,1466341,0,1815,1468156,76.9048560675308,78.7866396497567,74.7152469515817,23.3766233766234
Madhya Pradesh,29,BETUL,1737437,709766,646805,9,1356580,0,1756,1358336,78.1804462550297,79.0792144733705,77.0124221457819,32.1428571428571
Maharashtra,1,Nandurbar ,1871099,663475,614513,3,1277991,0,6555,1284546,68.6519526759407,70.2302495781792,66.3360907117404,13.6363636363636
Maharashtra,2,Dhule,1908173,590252,489597,7,1079856,0,8722,1088578,57.048181690025,59.1920624239732,53.7445209562105,33.3333333333333
Maharashtra,3,Jalgaon,1931400,584596,495967,13,1080576,0,11711,1092287,56.5541576058817,57.6073567640329,54.1128502567258,20.3125
Maharashtra,4,Raver,1775051,583456,505236,1,1088693,0,7818,1096511,61.77349270528,63.0391823196063,59.4761247214463,3.44827586206897
Maharashtra,5,Buldhana,1762918,601170,516898,1,1118069,0,3082,1121151,63.596321553243,64.9530816978105,61.7291882622133,11.1111111111111
Maharashtra,6,Akola,1865169,607024,509871,7,1116902,0,3283,1120185,60.0580966121569,62.728726037179,56.8149503467703,14.5833333333333
Maharashtra,7,Amravati ,1833091,602099,502841,7,1104947,0,8906,1113853,60.7636500315587,63.6532209894228,56.6805576064449,18.9189189189189
Maharashtra,8,Wardha,1743283,573147,494005,6,1067158,0,5499,1072657,61.5308587303381,64.0736355983647,58.2036920089732,33.3333333333333
Maharashtra,9,Ramtek ,1922764,638891,553537,1,1192429,0,5376,1197805,62.2959968046,64.0098866561201,59.8664963622854,3.125
Maharashtra,10,Nagpur ,2161096,620371,561330,14,1181715,0,5500,1187215,54.9357825843924,56.5471106667019,52.7599508239248,18.1818181818182
Maharashtra,11,Bhandara - gondiya,1811556,627085,608475,0,1235560,0,10983,1246543,68.8106246784532,69.055075796118,67.3494122595356,0
Maharashtra,12,Gadchiroli-Chimur,1581366,580321,557036,1,1137358,0,6376,1143734,72.3256981622218,72.4501961939742,71.3810115714341,33.3333333333333
Maharashtra,13,Chandrapur,1910188,652103,581678,5,1233786,0,5700,1239486,64.888168075603,66.009009009009,63.0707292822113,20
Maharashtra,14,Yavatmal-Washim,1916185,622515,547460,2,1169977,0,4847,1174824,61.3105728309114,62.5599832775416,59.4364900486818,6.25
Maharashtra,15,Hingoli ,1733729,617418,534776,1,1152195,0,6572,1158767,66.8366855488949,68.1183596465098,64.639090273967,7.69230769230769
Maharashtra,16,Nanded,1719322,594854,524389,12,1119255,0,10207,1129462,65.6922903330499,66.6441850720718,63.4333603088026,19.047619047619
Maharashtra,17,Parbhani,1985228,676532,574979,0,1251511,0,1581,1253092,63.1208103049121,65.4142026709778,60.4610984342632,0
Maharashtra,18,Jalna,1867220,657947,545873,1,1203821,0,5275,1209096,64.7538051220531,66.4155525855699,62.2744592497947,12.5
Maharashtra,19,Aurangabad,1886284,659019,537423,7,1196449,0,2278,1198727,63.5496563613963,66.3016992464561,60.2297013635717,28
Maharashtra,20,Dindori ,1732936,628124,506627,3,1134754,0,3948,1138702,65.7094087721647,69.383350178671,61.2141899157836,27.2727272727273
Maharashtra,21,Nashik,1885064,615905,502643,5,1118553,0,3539,1122092,59.5254060339596,62.099342008417,56.2716976231552,33.3333333333333
Maharashtra,22,Palghar ,1885600,641041,560121,24,1201186,0,1011,1202197,63.7567352566822,64.7977600210251,62.4999721042542,21.6216216216216
Maharashtra,23,Bhiwandi,1890100,569800,432947,16,1002763,0,2842,1005605,53.2037987408074,54.9462205910431,50.7575286850315,13.9130434782609
Maharashtra,24,Kalyan,1965676,507052,380831,72,887955,0,2737,890692,45.3122488141484,47.751034499645,42.1489103379275,26.3736263736264
Maharashtra,25,Thane,2370903,647401,519722,15,1167138,0,3832,1170970,49.3891989676507,50.0211318480516,48.2750997599816,23.4375
Maharashtra,26,Mumbai North,1647350,542095,445794,167,988056,0,1906,989962,60.0942119161077,60.8984656725405,58.9007684420815,50.3012048192771
Maharashtra,27,Mumbai North West,1732263,521862,418265,4,940131,2,1700,941831,54.369977307141,54.9064292229948,53.5010770183221,22.2222222222222
Maharashtra,28,Mumbai North East,1588693,503965,403222,41,907228,2,1953,909181,57.2282372994657,58.2621864866271,55.7275909773771,29.4964028776978
Maharashtra,29,Mumbai North central,1679891,495920,404526,5,900451,0,1346,901797,53.6818757883696,54.0930266549301,53.0124050228155,22.7272727272727
Maharashtra,30,Mumbai South central,1440380,432252,363195,31,795478,0,2425,797903,55.3953123481304,55.5634538777263,54.8346332581461,34.0659340659341
Maharashtra,31,Mumbai   South,1554176,438484,361012,5,799501,0,2298,801799,51.5899743658376,51.3225550084331,51.5890617676312,21.7391304347826
Maharashtra,32,Raigad,1652965,505067,515102,0,1020169,0,7414,1027583,62.166047072987,62.2988814825414,61.1581414456109,0
Maharashtra,33,Maval,2298080,743584,621926,5,1365515,0,3941,1369456,59.5913110074497,61.780609311492,56.8252816703869,12.8205128205128
Maharashtra,34,Pune,2075824,550415,483397,12,1033824,0,1830,1035654,49.8912239187908,51.5237181437364,47.9813274651627,15
Maharashtra,35,Baramati,2114663,711804,587435,3,1299242,0,8076,1307318,61.8215762984457,63.9906073319986,58.6102788362053,9.09090909090909
Maharashtra,36,Shirur,2175529,717962,572428,5,1290395,0,2760,1293155,59.4409451678189,62.608142105332,55.6441437500608,11.3636363636364
Maharashtra,37,Ahmadnagar ,1861396,652845,539052,8,1191905,0,14185,1206090,64.7949173630974,66.774642931663,61.0046807239278,9.09090909090909
Maharashtra,38,Shirdi,1587079,559147,463259,33,1022439,0,8063,1030502,64.9307312364413,67.8433194932138,60.7288367556684,45.2054794520548
Maharashtra,39,Beed,2045405,732331,616806,1,1349138,0,4304,1353442,66.1698783370531,67.589136726768,64.1239134751434,25
Maharashtra,40,Osmanabad,1889740,640975,553782,11,1194768,0,10064,1204832,63.7564956025697,63.8196928769068,62.5486524156221,44
Maharashtra,41,Latur ,1886657,625060,545401,3,1170464,0,7625,1178089,62.4431997973135,62.8182064862366,61.169805903425,33.3333333333333
Maharashtra,42,Solapur ,1851654,586352,494896,6,1081254,0,5090,1086344,58.6688441793121,60.7619912165621,55.8195353034063,10.7142857142857
Maharashtra,43,Madha,1909574,657100,553629,3,1210732,0,7091,1217823,63.7745905631308,65.4615733292156,61.1226728286634,25
Maharashtra,44,Sangli,1809109,625663,553143,17,1178823,0,13748,1192571,65.9203508467428,66.9023768482915,63.2996814091238,23.2876712328767
Maharashtra,45,Satara,1848489,578908,530348,4,1109260,0,8497,1117757,60.4686855047555,61.24830984932,58.7129271883891,23.5294117647059
Maharashtra,46,Ratnagiri - sindhudurg,1455577,447687,449668,0,897355,0,5000,902355,61.9929416307073,62.7863826588428,60.5586553055554,0
Maharashtra,47,Kolhapur,1880496,693774,631630,4,1325408,0,7096,1332504,70.8591775786814,72.0278820019061,68.8593933117113,21.0526315789474
Maharashtra,48,Hatkanangle,1776555,659957,586281,18,1246256,1,8057,1254313,70.6036683356271,71.8676460178919,68.3157518180642,26.865671641791
Manipur,1,Inner manipur,937464,353996,400564,13,754573,0,5883,760456,81.1184216140566,77.5771123018091,83.2570871534367,40.625
Manipur,2,Outer manipur,1022099,414050,437781,4,851835,0,8160,859995,84.1400881910656,81.7067948558562,84.9507601851223,30.7692307692308
Meghalaya,1,Shillong,1197806,361013,421560,0,782573,0,1706,784279,65.476295827538,61.5966435303672,68.9145581104895,0
Meghalaya,2,Tura ,716990,290477,292024,0,582501,0,979,583480,81.3790987321999,79.9045470800209,82.6186838680473,0
Mizoram,1,MIZORAM,792464,244562,252218,0,496780,0,3567,500347,63.1381362434129,62.9923166280738,62.3965286058513,0
Nagaland,1,Nagaland,1213777,507247,494895,0,1002142,0,5295,1007437,83.0001721897845,82.4424565315616,82.6888085774006,0
NCT OF Delhi,1,CHANDNI CHOWK                 ,1562283,540841,438037,43,978921,0,1893,980814,62.7808149995871,63.7276180780416,61.3948631696976,32.5757575757576
NCT OF Delhi,2,NORTH EAST DELHI              ,2290492,807473,650546,27,1458046,0,4721,1462767,63.862567518245,64.4389593019451,62.7138676054926,31.3953488372093
NCT OF Delhi,3,EAST DELHI                    ,2039302,694305,561981,28,1256314,0,1881,1258195,61.6973356570042,61.456680123957,61.7917350210451,35.4430379746835
NCT OF Delhi,4,NEW DELHI                     ,1617470,506403,412647,6,919056,0,1511,920567,56.9140076786587,56.4997160526747,57.2204511386627,25
NCT OF Delhi,5,NORTH WEST DELHI              ,2378995,775650,626168,24,1401842,0,1144,1402986,58.973894438618,59.4005495498531,58.3545269938427,15.1898734177215
NCT OF Delhi,6,WEST DELHI                    ,2371644,780000,657076,11,1437087,0,5405,1442492,60.822450587019,60.9288366810344,60.2047641473994,18.3333333333333
NCT OF Delhi,7,SOUTH DELHI                   ,2067463,683436,529057,18,1212511,0,2034,1214545,58.7456704182856,58.4704544696229,58.8838210480859,13.8461538461538
Odisha,1,Bargarh,1596290,641109,601959,28,1243096,0,7982,1251078,78.3741049558664,78.3531525365729,77.3817726517789,18.4210526315789
Odisha,2,Sundargarh ,1531525,546203,551465,4,1097672,0,3377,1101049,71.8923295408172,71.2537831350449,72.1020082631662,3.2
Odisha,3,Sambalpur,1468530,564201,556953,10,1121164,0,5498,1126662,76.720393863251,75.8967150044392,76.8163355377942,9.52380952380952
Odisha,4,Keonjhar ,1516688,585675,587849,2,1173526,0,2953,1176479,77.5689528762672,76.8802129687242,77.8864817668344,1.48148148148148
Odisha,5,Mayurbhanj ,1493205,561844,583667,1,1145512,0,6181,1151693,77.1289273743391,75.4785216073597,77.9481269089156,2.5
Odisha,6,Balasore,1531781,577810,576608,3,1154421,0,4934,1159355,75.6867332862857,73.6464293316237,77.1761884111509,3.94736842105263
Odisha,7,Bhadrak ,1661661,599696,620167,12,1219875,0,8171,1228046,73.9047254524238,69.5597304817945,77.5784770191868,9.67741935483871
Odisha,8,Jajpur ,1475007,556801,529026,21,1085848,0,7117,1092965,74.0989703777677,72.3351157255843,75.0183991661881,35
Odisha,9,Dhenkanal,1504403,582956,543693,1,1126650,0,6563,1133213,75.3264251666608,74.1259345913229,75.7392929979606,0.869565217391304
Odisha,10,Bolangir,1744446,667757,636288,5,1304050,0,2694,1306744,74.908824922067,74.0663467788271,75.5008567129751,4.03225806451613
Odisha,11,Kalahandi,1611056,608823,614080,3,1222906,0,8023,1230929,76.4051032366349,74.7348535065624,77.1171487953585,2.56410256410256
Odisha,12,Nabarangpur ,1461004,567769,589399,29,1157197,0,4590,1161787,79.519768597485,79.2202283531255,79.1994313326059,26.1261261261261
Odisha,13,Kandhamal,1288666,471069,468424,5,939498,0,2543,942041,73.1020295406257,72.5259346161307,73.2984489816356,5.95238095238095
Odisha,14,Cuttack,1518996,555577,501846,21,1057444,0,3015,1060459,69.8131528983618,69.7979469307607,69.4285192522661,10.880829015544
Odisha,15,Kendrapara ,1710916,625161,609709,3,1234873,0,3575,1238448,72.3850849486474,69.7891014148469,74.8102777031363,2.4390243902439
Odisha,16,Jagatsinghpur ,1643595,634022,591593,0,1225615,0,4212,1229827,74.8254284054162,73.7839740717681,75.4459731064316,0
Odisha,17,Puri,1562331,584072,548714,17,1132803,0,3321,1136124,72.7198013737166,71.5936823912284,73.512078207246,19.1011235955056
Odisha,18,Bhubaneswar,1699678,534680,468962,62,1003704,0,1920,1005624,59.165559594229,58.8363458698575,59.332687242059,11.787072243346
Odisha,19,Aska,1541145,502075,509462,4,1011541,0,2349,1013890,65.7880991081306,61.3981774068893,70.4368516595718,3.33333333333333
Odisha,20,Berhampur,1502455,486468,500690,5,987163,0,2924,990087,65.8979470266996,63.9176964465204,67.543066815956,6.25
Odisha,21,Koraput ,1434384,517114,559207,51,1076372,0,4297,1080669,75.340285446575,75.4277796010648,74.7046651090031,20.2380952380952
Puducherry,1,Puducherry,973410,371347,418834,71,790252,0,643,790895,81.2499357927287,80.8149239504421,81.5151874911203,73.9583333333333
Punjab,1,Gurdaspur,1595284,560368,533051,9,1093428,14,11118,1104546,69.2382046080823,65.944189013146,71.5044957671511,20.4545454545455
Punjab,2,Amritsar,1507875,466526,390128,4,856658,1,3924,860582,57.0725026941888,58.1965198798961,55.2449948879744,6.89655172413793
Punjab,3,Khadoor Sahib,1638842,542159,498469,8,1040636,1,7514,1048150,63.9567450675538,62.4683429082353,64.662753364683,10.958904109589
Punjab,4,Jalandhar,1617018,519020,499182,7,1018209,1,1194,1019403,63.0421553748938,61.5245650179351,64.5438324282389,35
Punjab,5,Hoshiarpur,1597500,485078,496757,7,981842,0,9823,991665,62.0760563380282,58.3008924010697,64.8978045450686,23.3333333333333
Punjab,6,Anandpur Sahib,1698876,553140,524356,25,1077521,12,4503,1082024,63.6905813019903,62.1850780095918,64.7890595654667,59.5238095238095
Punjab,7,Ludhiana,1683325,576920,467949,19,1044888,0,2137,1047025,62.1998128703608,63.8451391286641,60.0219334812668,26.7605633802817
Punjab,8,Fatehgarh Sahib,1502861,534375,449101,10,983486,1,3675,987161,65.6854492863944,66.8193430040851,63.8745041594427,32.258064516129
Punjab,9,Faridkot,1541971,524952,446044,13,971009,2,4233,975242,63.246455348382,64.1559241497646,61.6346778316683,35.1351351351351
Punjab,10,Firozpur,1618419,625836,540872,9,1166717,0,6084,1172801,72.4658447534291,72.5224374388004,71.5979926637712,25.7142857142857
Punjab,11,Bathinda,1621671,639646,556155,9,1195810,1,6783,1202593,74.1576435664201,74.2576797653087,73.1528784737933,45
Punjab,12,Sangrur,1529431,595750,506594,9,1102353,0,4903,1107256,72.3965971658741,73.1111670174448,70.89682891774,36
Punjab,13,Patiala,1739600,632621,542886,21,1175528,0,3319,1178847,67.7654058404231,69.1686155911774,65.8108250628244,28.3783783783784
Rajasthan,1,Ganganagar,1943486,763551,680832,11,1444394,0,8691,1453085,74.7669394068185,75.0197484771075,73.5509003836178,44
Rajasthan,2,Bikaner (SC),1851628,613781,481912,5,1095698,0,4802,1100500,59.4341844042108,62.7509656259649,55.1708662949776,31.25
Rajasthan,3,Churu,2019104,687931,632219,1,1320151,0,10521,1330672,65.9040841878378,64.7870571106218,66.0443033015936,20
Rajasthan,4,Jhunjhunu,1937882,601852,578034,1,1179887,0,23815,1203702,62.1143083015375,58.8211378140912,63.1944558326254,100
Rajasthan,5,Sikar,2041612,667944,643401,4,1311349,0,19312,1330661,65.1769777998954,62.0137017206531,66.7070668531503,100
Rajasthan,6,Jaipur Rural,1952542,675930,587365,1,1263296,0,16371,1279667,65.5385133840911,65.5451086260866,63.754419061037,20
Rajasthan,7,Jaipur,2127021,784372,663540,12,1447924,0,8582,1456506,68.476333802064,70.0659325738716,65.8588076254641,48
Rajasthan,8,Alwar,1888524,673164,579086,3,1252253,0,16224,1268477,67.1676399134986,67.1493324608374,65.3576757341207,30
Rajasthan,9,BHARATPUR,1943794,620165,517998,5,1138168,0,10803,1148971,59.1097101853386,59.5525147041172,57.4017517575199,45.4545454545455
Rajasthan,10,KARAULI-DHOLPUR,1810574,554132,440287,2,994421,0,4709,999130,55.1830524463513,56.7608152762897,52.7730965525673,14.2857142857143
Rajasthan,11,Dausa,1730289,573319,483328,0,1056647,0,7431,1064078,61.4971256246789,62.5990463597563,59.3457002951765,0
Rajasthan,12,TONK-SAWAI MADHOPUR,1945992,663862,564693,0,1228555,0,5912,1234467,63.4363861721939,64.8182466143977,61.2597512912223,0
Rajasthan,13,Ajmer,1876346,652041,604830,7,1256878,0,6368,1263246,67.3247897775783,68.0876102960372,65.8365662186345,58.3333333333333
Rajasthan,14,Nagaur,1933169,618537,577497,2,1196036,0,8737,1204773,62.3211421246668,61.3078759801487,62.4822289880098,25
Rajasthan,15,Pali,2161663,686790,658426,9,1345225,0,16290,1361515,62.9846095344186,60.8961655605357,63.6874177822487,50
Rajasthan,16,Jodhpur,1956755,711438,623545,2,1334985,5,12948,1347933,68.8861405745737,69.317897268062,67.018735946965,20
Rajasthan,17,Barmer,1941231,746375,671560,6,1417941,0,4934,1422875,73.2975622169644,72.2317493559507,73.9675210813383,46.1538461538462
Rajasthan,18,Jalore,2071244,699922,660874,3,1360799,0,828,1361627,65.7395748641879,64.2409635015594,67.3190011255927,23.0769230769231
Rajasthan,19,Udaipur,2069559,722674,725529,0,1448203,0,7214,1455417,70.3249822788333,68.8589507946172,71.1261799562574,0
Rajasthan,20,Banswara,1975368,704324,733142,4,1437470,0,2639,1440109,72.9033273800122,70.6497185342112,74.9299137297547,57.1428571428571
Rajasthan,21,Chittorgarh,2015911,755697,698787,5,1454489,0,4777,1459266,72.3874218653502,74.2423944716361,70.0172641657841,41.6666666666667
Rajasthan,22,Rajsamand,1912911,620927,613083,7,1234017,0,6831,1240848,64.8670011307374,63.102786300309,66.0007557301462,46.6666666666667
Rajasthan,23,Bhilwara,1997328,666299,641037,1,1307337,0,3674,1311011,65.6382426922368,65.5757049669513,65.3288111963655,20
Rajasthan,24,Kota,1948010,722450,637676,6,1360132,0,7796,1367928,70.2218161097736,71.7733058340586,67.7354045263442,37.5
Rajasthan,25,JHALAWAR-BARAN,1903870,732783,636485,8,1369276,0,741,1370017,71.9595875768829,75.0293346111551,68.6465155005651,50
Sikkim,1,Sikkim,434128,173235,166645,0,339880,0,13535,353415,81.408017911768,77.99513754446,78.5994585365393,0
Tamil Nadu,1,Thiruvallur ,1946870,711490,691821,38,1403349,0,4916,1408265,72.334824615922,73.9269531172883,70.2997964639808,10.9826589595376
Tamil Nadu,2,Chennai North,1487681,477845,474835,90,952770,0,3161,955931,64.2564501395124,65.5587126019199,62.6147236610298,19.7368421052632
Tamil Nadu,3,Chennai South,1973533,567542,555856,12,1123410,0,2931,1126341,57.0723165004082,57.9326662978305,55.9500586822562,3.08483290488432
Tamil Nadu,4,Chennai central,1332300,399357,383273,56,782686,0,3071,785757,58.9774825489755,60.4539530152271,57.0899785357541,15.819209039548
Tamil Nadu,5,Sriperumbudur,2253448,717038,686116,24,1403178,0,3975,1407153,62.4444406971006,63.8458449420654,60.7165644128347,7.05882352941176
Tamil Nadu,6,Kancheepuram ,1643992,623089,609297,31,1232417,0,5741,1238158,75.3141134506737,77.2817814689131,72.7464083298809,17.9190751445087
Tamil Nadu,7,Arakkonam,1500016,580530,589120,27,1169677,0,10035,1179712,78.6466277693038,78.8456131915951,77.1452890722189,34.1772151898734
Tamil Nadu,8,Vellore,1438643,503311,521692,39,1025042,0,3058,1028100,71.4631774526411,71.1560592308584,71.346983878644,37.1428571428571
Tamil Nadu,9,Krishnagiri,1530404,588058,569700,35,1157793,0,4480,1162273,75.9455019720283,75.7186120653691,75.603955770956,14.8305084745763
Tamil Nadu,10,Dharmapuri,1485804,617619,594650,42,1212311,0,12154,1224465,82.4109371087977,81.5783390812417,81.6168830901457,32.3076923076923
Tamil Nadu,11,Tiruvannamalai,1473862,565142,579380,27,1144549,0,7242,1151791,78.1478184524738,77.3387379299775,77.9733234281992,35.0649350649351
Tamil Nadu,12,Arani,1449150,566134,571075,16,1137225,0,7692,1144917,79.0061070282579,78.8767598520366,78.0875039483022,20.5128205128205
Tamil Nadu,13,Viluppuram,1444335,564557,566199,43,1130799,0,5299,1136098,78.6588983857623,78.2310889028383,78.3669689977952,23.2432432432432
Tamil Nadu,14,Kallakurichi,1528938,580683,617701,39,1198423,0,6512,1204935,78.8086240253038,76.5797761225523,80.1702040397826,21.7877094972067
Tamil Nadu,15,Salem,1612512,639561,610150,44,1249755,0,6575,1256330,77.9113581790399,78.9313504674339,76.0646115986222,48.8888888888889
Tamil Nadu,16,Namakkal,1413599,555962,573885,43,1129890,0,4094,1133984,80.2196379595628,79.9259915238155,79.9402974263538,38.7387387387387
Tamil Nadu,17,Erode,1462246,529075,532968,30,1062073,0,6930,1069003,73.1069190820149,73.9163843386539,71.408301813987,28.8461538461538
Tamil Nadu,18,Tiruppur,1530014,566137,549529,27,1115693,0,4400,1120093,73.2080229331235,74.1883193466718,71.6680360473154,19.8529411764706
Tamil Nadu,19,Nilgiris ,1366060,499957,507807,10,1007774,0,3275,1011049,74.012049251131,75.0943265862788,72.521168377322,14.4927536231884
Tamil Nadu,20,Coimbatore,1958904,634627,610981,36,1245644,0,5285,1250929,63.8586168592233,64.8601110935097,62.3299899207946,16.9014084507042
Tamil Nadu,21,Pollachi,1520504,536887,540497,36,1077420,0,4468,1081888,71.1532491857963,71.9861360650023,69.7855808374575,20.8092485549133
Tamil Nadu,22,Dindigul,1541881,568983,586609,15,1155607,0,5324,1160931,75.293164647596,75.3757640469384,74.5505241713594,9.49367088607595
Tamil Nadu,23,Karur,1387286,532989,564924,34,1097947,0,5698,1103645,79.5542519711148,78.4944367944744,79.7685412677703,50.7462686567164
Tamil Nadu,24,Tiruchirappalli,1508963,513314,527326,71,1040711,0,8068,1048779,69.503294646721,69.3814768809058,68.5754487809699,47.972972972973
Tamil Nadu,25,Perambalur,1391853,524468,570254,32,1094754,0,8406,1103160,79.2583699571722,77.2096255141489,80.0364354456816,39.0243902439024
Tamil Nadu,26,Cuddalore ,1364038,505581,533135,25,1038741,0,4639,1043380,76.4920038884547,75.0082340059997,77.2756854849814,27.4725274725275
Tamil Nadu,27,Chidambaram ,1480222,553860,595522,3,1149385,0,4872,1154257,77.9786410416816,75.0734998109134,80.215138347481,5.08474576271187
Tamil Nadu,28,Mayiladuthurai,1484842,529933,562966,18,1092917,0,4863,1097780,73.9324453376184,72.0762908387613,75.1068970439715,36
Tamil Nadu,29,Nagapattinam ,1303649,476344,521489,10,997843,0,5077,1002920,76.9317508010208,74.0309493207592,78.9931381310875,25
Tamil Nadu,30,Thanjavur,1461052,495980,556575,15,1052570,0,7482,1060052,72.5540227178773,69.6869300826442,74.2863663846434,15.4639175257732
Tamil Nadu,31,Sivaganga,1552019,495947,585207,13,1081167,0,3739,1084906,69.9028813435918,64.6256588677573,74.5925627566797,19.6969696969697
Tamil Nadu,32,Madurai,1539026,500312,511142,46,1011500,0,5622,1017122,66.0886820625513,65.9380226448117,65.516830327788,47.9166666666667
Tamil Nadu,33,Theni ,1561040,571213,596677,29,1167919,0,7089,1175008,75.2708450776405,73.6581421858639,75.974483202078,15.8469945355191
Tamil Nadu,34,Virudhunagar,1484256,520544,544786,12,1065342,0,10584,1075926,72.48924713796,71.5326761953055,72.0211521300856,9.23076923076923
Tamil Nadu,35,Ramanathapuram,1559740,491515,569601,8,1061124,0,5799,1066923,68.4039006501084,63.2119974381596,72.8304342711599,9.75609756097561
Tamil Nadu,36,Thoothukkudi,1427783,478152,507621,36,985809,0,6158,991967,69.476033823067,68.043420101435,70.0214221374962,31.0344827586207
Tamil Nadu,37,Tenkasi ,1492317,506970,548621,4,1055595,0,10413,1066008,71.4330802369738,68.8998609689769,72.5274710747298,5.12820512820513
Tamil Nadu,38,Tirunelveli,1547800,499295,533224,11,1032530,0,7860,1040390,67.2173407416979,65.7068259192534,67.6809896312618,16.1764705882353
Tamil Nadu,39,Kanniyakumari,1501250,510999,531602,24,1042625,0,6802,1049427,69.9035470441299,67.1631845137954,71.8129735673595,15.0943396226415
Telangana,1,Adilabad ,1489790,523054,539832,9,1062895,0,1082,1063977,71.4179179615919,71.4894512691826,71.2102384702447,16.0714285714286
Telangana,2,Peddapalle ,1479091,484439,484738,21,969198,0,967,970165,65.5919750711755,65.4084254499843,65.6496530876755,25.3012048192771
Telangana,3,Karimnagar ,1651543,558800,588108,7,1146915,0,1286,1148201,69.5229249253577,68.4919753585778,70.3775637320543,20.5882352941176
Telangana,4,Nizamabad,1553385,474024,587594,4,1061622,0,1560,1063182,68.4429165982677,64.224454458496,72.0724853486278,13.7931034482759
Telangana,5,Zahirabad,1498666,514518,529323,2,1043843,0,661,1044504,69.6955826047965,69.7043797746507,69.6054503709587,3.27868852459016
Telangana,6,Medak,1603318,581947,567533,10,1149490,0,841,1150331,71.7469023612284,72.8165556384166,70.5815707621496,24.390243902439
Telangana,7,Malkajgiri,3150313,823072,738294,34,1561400,0,2246,1563646,49.6346236072416,50.2469393560896,48.8318749131893,9.74212034383954
Telangana,8,Secundrabad,1968276,488024,426124,6,914154,0,1109,915263,46.5007448142435,47.610796973351,45.1790680340844,10.1694915254237
Telangana,9,Hyderabad,1957931,479564,397698,5,877267,0,674,877941,44.8402420718606,47.3633165501589,42.0721121956844,3.78787878787879
Telangana,10,CHEVELLA,2443112,678645,620290,18,1298953,0,2045,1300998,53.2516724570957,53.665049810453,52.6433265890852,7.82608695652174
Telangana,11,Mahbubnagar,1506102,494155,489732,4,983891,0,876,984767,65.3851465571389,65.7028397592893,64.9548979583716,10.2564102564103
Telangana,12,Nagarkurnool,1588111,502620,486427,1,989048,0,845,989893,62.3314743113044,62.9462323307338,61.6057123968282,2.56410256410256
Telangana,13,Nalgonda,1585980,585803,588944,3,1174750,0,1234,1175984,74.1487282311252,74.6594904879096,73.4967303948485,11.1111111111111
Telangana,14,Bhongir ,1628033,616922,594332,2,1211256,0,1521,1212777,74.4933917187182,75.3203656857096,73.4705583486518,6.66666666666667
Telangana,15,Warangal,1666770,530268,530078,66,1060412,0,1260,1061672,63.6963708250089,63.9236004793053,63.3266193101043,36.2637362637363
Telangana,16,Mahabubabad  ,1424385,485104,497622,8,982734,0,973,983707,69.0618758271114,69.0127881021853,68.9782220873029,17.0212765957447
Telangana,17,Khammam ,1513809,559568,578825,32,1138425,0,1423,1139848,75.2966853810487,75.5871645762838,74.8369638295011,48.4848484848485
Tripura,1,Tripura West,1352857,559005,542353,4,1101362,0,7065,1108427,81.9323106581109,81.3163234876972,81.5075698600245,40
Tripura,2,Tripura East,1261861,529358,511554,1,1040913,0,5210,1046123,82.9031882275465,82.516854633173,82.4632219001776,25
Uttar Pradesh,1,Saharanpur,1739082,663829,565077,9,1228915,0,3523,1232438,70.8671586503684,71.320488757146,69.9152841205052,10.9756097560976
Uttar Pradesh,2,Kairana,1666703,606832,514021,10,1120863,0,3350,1124213,67.4513095614516,67.4078772414881,67.072083886264,10.752688172043
Uttar Pradesh,3,Muzaffarnagar,1698003,624979,529210,3,1154192,0,7582,1161774,68.4200204593278,67.8381901682335,68.143335226168,2.7027027027027
Uttar Pradesh,4,Bijnor,1664125,585728,510581,4,1096313,0,5653,1101966,66.2189438894314,65.3929586191882,66.452481974126,5
Uttar Pradesh,5,Nagina,1586117,515070,490879,6,1005955,0,3830,1009785,63.6639667817696,61.0397628897867,66.135699176805,10
Uttar Pradesh,6,Moradabad,1958939,691615,588042,12,1279669,0,2596,1282265,65.4571173477071,65.9422645852144,64.6183667885317,12.3711340206186
Uttar Pradesh,7,Rampur,1679506,565546,494611,4,1060161,0,1077,1061238,63.1875087079177,62.6592390208448,63.6754298897098,2.45398773006135
Uttar Pradesh,8,Sambhal,1828764,645902,536303,4,1182209,0,1579,1183788,64.7315892045119,65.5378777117114,63.6110672911895,3.1496062992126
Uttar Pradesh,9,Amroha,1646435,616570,550735,3,1167308,0,2446,1169754,71.0476878832143,70.3346820697153,71.549393486262,3.52941176470588
Uttar Pradesh,10,Meerut,1892931,673088,538984,4,1212076,0,4864,1216940,64.2886613405349,65.1248385395753,62.7263131311368,3.00751879699248
Uttar Pradesh,11,Baghpat,1616476,581282,455777,2,1037061,0,8546,1045607,64.6843504017381,64.7920637574542,63.369162770198,2.35294117647059
Uttar Pradesh,12,Ghaziabad,2728978,854916,666970,6,1521892,0,3205,1525097,55.8852801305104,56.2467679602721,55.17022890471,5.5045871559633
Uttar Pradesh,13,Gautam Buddha Nagar,2302960,773558,616093,4,1389655,0,3486,1393141,60.4934953277521,60.9905670790744,59.5544913837853,3.00751879699248
Uttar Pradesh,14,Bulandshahr,1787925,584669,533764,9,1118442,0,6558,1125000,62.9221024371828,61.3482429254811,63.9393768784507,9.47368421052632
Uttar Pradesh,15,Aligarh,1887127,625385,530640,5,1156030,0,7920,1163950,61.678413800449,61.7898541273925,60.6519189753273,4.27350427350427
Uttar Pradesh,16,Hathras,1864320,621305,522728,2,1144035,0,7426,1151461,61.7630556985925,61.5308206222159,61.172692718183,3.2258064516129
Uttar Pradesh,17,Mathura,1807893,611218,486892,2,1098112,0,6213,1104325,61.0835375766154,62.0995575333628,59.1293069528172,0.99009900990099
Uttar Pradesh,18,Agra,1937690,644571,496879,5,1141455,0,4174,1145629,59.1234407980637,60.9455975083608,56.4651268501946,5.10204081632653
Uttar Pradesh,19,Fatehpur Sikri,1718837,580669,450331,4,1031004,0,7456,1038460,60.4164327391137,61.7239187373505,57.8807068594777,7.69230769230769
Uttar Pradesh,20,Firozabad,1790510,592593,479885,2,1072480,0,4094,1076574,60.1266678209002,61.4471248814023,58.0957696144422,2.1978021978022
Uttar Pradesh,21,Mainpuri,1723236,543014,429681,2,972697,0,5564,978261,56.7688349129196,58.1326932835453,54.4531380689508,3.44827586206897
Uttar Pradesh,22,Etah,1621295,536075,461773,5,997853,0,2499,1000352,61.7008009029819,60.9989224272809,62.1981837822694,10.8695652173913
Uttar Pradesh,23,Badaun,1891576,592408,486684,9,1079101,0,2373,1081474,57.1731720004906,57.6722868154794,56.3107222981361,9.375
Uttar Pradesh,24,Aonla,1785605,580835,469654,4,1050493,0,2409,1052902,58.9661207265885,59.4304921035264,58.1123334690287,4.59770114942529
Uttar Pradesh,25,Bareilly,1797655,589861,475904,3,1065768,0,3188,1068956,59.4639127085008,60.2058094945501,58.1909954501602,3.6144578313253
Uttar Pradesh,26,Pilibhit,1761207,639291,543594,5,1182890,0,4335,1187225,67.4097366181261,67.3809591566353,66.9154069624305,6.57894736842105
Uttar Pradesh,27,Shahjahanpur,2114201,664430,515538,6,1179974,0,7159,1187133,56.1504322436703,57.3696957661108,53.932831113236,3.82165605095541
Uttar Pradesh,28,Kheri,1770699,623854,512343,6,1136203,0,569,1136772,64.1990535940891,65.8772917251852,62.2025352417051,16.6666666666667
Uttar Pradesh,29,Dhaurahra,1644674,598573,464597,8,1063178,0,775,1063953,64.6908141066254,67.6624322045202,61.1365738821712,8.42105263157895
Uttar Pradesh,30,Sitapur,1666126,585694,477676,8,1063378,0,1844,1065222,63.9340602091318,65.7904994265598,61.5707848252678,11.5942028985507
Uttar Pradesh,31,Hardoi,1807119,587977,467415,0,1055392,0,2455,1057847,58.5377609332866,59.9223832104775,56.5992841158977,0
Uttar Pradesh,32,Misrikh,1796932,572540,452522,1,1025063,0,2319,1027382,57.1742280731825,58.6987523926401,55.0871917854078,1.25
Uttar Pradesh,33,Unnao,2191465,677560,557981,5,1235546,0,2005,1237551,56.4714015510172,56.3865067179302,56.3769218567028,5.15463917525773
Uttar Pradesh,34,Mohanlalganj,2023431,700199,563737,0,1263936,0,6644,1270580,62.7933445716706,64.6589011849532,59.9446635524851,0
Uttar Pradesh,35,Lucknow,2040367,609363,497734,3,1107100,6,10530,1117630,54.7759300165117,55.5757418225098,52.7363943145638,3.09278350515464
Uttar Pradesh,36,Rae Bareli,1702248,486873,468447,1,955321,0,3701,959022,56.338559363853,54.3305004173492,58.1152163718604,2
Uttar Pradesh,37,Amethi,1743515,479441,461540,0,940981,0,1975,942956,54.0836184374668,51.8559578957843,56.3670293058724,0
Uttar Pradesh,38,Sultanpur,1775196,499120,499917,4,999041,0,1723,1000764,56.3748453691874,53.7235227699604,59.0869549800844,5.47945205479452
Uttar Pradesh,39,Pratapgarh,1708759,460484,449531,0,910015,0,5244,915259,53.5627903057131,50.2415606520174,56.7453514939598,0
Uttar Pradesh,40,Farrukhabad,1708585,551171,449196,6,1000373,0,2868,1003241,58.7176523263402,59.2857158223314,57.6763368266433,7.79220779220779
Uttar Pradesh,41,Etawah,1757984,558464,464983,3,1023450,0,5361,1028811,58.5222049802501,58.3632570991435,58.0458191750451,6.52173913043478
Uttar Pradesh,42,Kannauj,1874824,622274,514822,4,1137100,0,3885,1140985,60.8582458940146,60.6546255592487,60.6508495821891,6.15384615384615
Uttar Pradesh,43,Kanpur,1632983,475353,362893,7,838253,0,5166,843419,51.6489761375348,53.1902775477686,49.0947266457333,5.38461538461539
Uttar Pradesh,44,Akbarpur,1766121,572760,446366,16,1019142,0,7491,1026633,58.1292561494937,59.3728717101887,55.7029349845819,15.2380952380952
Uttar Pradesh,45,Jalaun,1933358,620288,506493,2,1126783,0,3963,1130746,58.4861158667976,59.0580051661283,57.3622946140988,2.40963855421687
Uttar Pradesh,46,Jhansi,2040739,745494,633910,3,1379407,0,1723,1381130,67.6779343169313,69.0221733780585,65.9913907526065,4.61538461538462
Uttar Pradesh,47,Hamirpur,1749100,590920,496952,14,1087886,0,2143,1090029,62.3194214167286,61.9498714706857,62.4943567301102,37.8378378378378
Uttar Pradesh,48,Banda,1702024,551269,481995,12,1033276,0,1636,1034912,60.8047830112854,59.4662728633871,62.198280367464,19.047619047619
Uttar Pradesh,49,Fatehpur,1839312,552984,486248,2,1039234,0,5255,1044489,56.7869398992667,55.3505402088768,57.873369571039,3.27868852459016
Uttar Pradesh,50,Kaushambi,1787120,507213,464469,3,971685,0,3352,975037,54.5591230583285,52.7921238501458,56.2258043429313,1.11940298507463
Uttar Pradesh,51,Phulpur,2010477,538435,435879,12,974326,0,4751,979077,48.6987416419089,48.8414958822147,48.0122266894311,5.60747663551402
Uttar Pradesh,52,Allahabad,1716160,494017,392794,4,886815,0,2738,889553,51.8339199142271,52.5482917074416,50.6275697621963,2.10526315789474
Uttar Pradesh,53,Barabanki,1816830,637599,517214,5,1154818,0,890,1155708,63.6112349531877,65.7275867649833,61.0849970237814,9.09090909090909
Uttar Pradesh,54,Faizabad,1821785,571394,514352,20,1085766,0,1654,1087420,59.6898097195882,58.670464440027,60.6673083092717,35.0877192982456
Uttar Pradesh,55,Ambedkar Nagar,1785657,556597,531868,0,1088465,0,2150,1090615,61.0763993308905,58.1072348386383,64.2568398568602,0
Uttar Pradesh,56,Bahraich,1729908,528086,460816,8,988910,0,1233,990143,57.2367432256513,57.4125091051413,56.8920582283826,6.95652173913044
Uttar Pradesh,57,Kaiserganj,1805946,522251,457572,0,979823,0,2500,982323,54.3938190842916,53.9218034679216,54.6457067175578,0
Uttar Pradesh,58,Shrawasti,1914739,548122,448359,5,996486,0,653,997139,52.0770193744422,52.805282435747,51.1439427555235,6.94444444444445
Uttar Pradesh,59,Gonda,1770248,490088,432094,2,922184,0,1939,924123,52.2030246609515,50.9175460487287,53.4992936410359,2.77777777777778
Uttar Pradesh,60,Domariyaganj,1885433,489185,495930,0,985115,0,215,985330,52.260143956322,48.0564631637683,57.1793239896509,0
Uttar Pradesh,61,Basti,1845223,537937,510947,1,1048885,0,6316,1055201,57.1855542663407,53.921439891102,60.291932904992,0.72992700729927
Uttar Pradesh,62,Sant Kabir Nagar,1962903,527427,533378,1,1060806,0,3119,1063925,54.2016085359287,49.4471929326197,59.5179007413822,1.08695652173913
Uttar Pradesh,63,Maharajganj,1915408,607060,618619,7,1225686,0,1538,1227224,64.0711535088086,59.3033570002306,69.3913468754101,2.6615969581749
Uttar Pradesh,64,Gorakhpur,1981197,627713,553509,0,1181222,0,3703,1184925,59.8085399887038,57.8252730914002,61.8109475626112,0
Uttar Pradesh,65,Kushi Nagar,1761564,526776,522399,4,1049179,0,4130,1053309,59.7939671791658,55.2333000254789,64.677755836052,2.85714285714286
Uttar Pradesh,66,Deoria,1754195,506109,502783,4,1008896,0,6700,1015596,57.8952739005641,52.8599315057763,63.1124740474439,4.16666666666667
Uttar Pradesh,67,Bansgaon,1751258,482600,482462,2,965064,0,4719,969783,55.3763637339558,50.1970019096912,61.0897754884718,2.29885057471264
Uttar Pradesh,68,Lalganj,1751980,468375,489947,0,958322,0,2742,961064,54.8558773501981,50.0710375328328,60.003772073673,0
Uttar Pradesh,69,Azamgarh,1789168,523819,501829,0,1025648,0,4148,1029796,57.5572556629674,53.8138322626776,61.5206667091655,0
Uttar Pradesh,70,Ghosi,1991651,589077,548040,0,1137117,0,4363,1141480,57.3132541795726,54.8814334013749,59.686212837698,0
Uttar Pradesh,71,Salempur,1667282,469667,446144,0,915811,0,8290,924101,55.4255968696357,51.6109075125135,58.9196877472078,0
Uttar Pradesh,72,Ballia,1822625,531670,449438,4,981112,0,9459,990571,54.3485906316439,52.9012768862006,54.9738303147579,7.54716981132076
Uttar Pradesh,73,Jaunpur,1867976,520123,518437,0,1038560,0,3273,1041833,55.7733611138473,52.4816962916324,59.1266216177687,0
Uttar Pradesh,74,Machhlishahr,1848306,511790,520320,1,1032111,0,3299,1035410,56.0194037134544,51.9167894955208,60.3320628876415,1.11111111111111
Uttar Pradesh,75,Ghazipur,1881077,580248,519642,0,1099890,0,7607,1107497,58.8756866412167,56.3493643497878,61.0420716916191,0
Uttar Pradesh,76,Chandauli,1756837,589802,490253,5,1080060,0,6133,1086193,61.8266236423755,61.3522625260445,61.6369620864283,4.46428571428571
Uttar Pradesh,77,Varanasi,1856791,606306,452435,3,1058744,0,2085,1060829,57.1323859281955,59.0301164526201,54.5391532860794,2.54237288135593
Uttar Pradesh,78,Bhadohi,1942514,540234,496990,5,1037229,0,2634,1039863,53.5318149573182,50.9142692349015,56.3944285268503,2.89017341040462
Uttar Pradesh,79,Mirzapur,1845150,587558,520101,1,1107660,0,1399,1109059,60.1067121914208,60.3415766339399,59.694241198244,0.645161290322581
Uttar Pradesh,80,Robertsganj,1723538,534178,453411,0,987589,0,1215,988804,57.3705946721221,57.5356246566785,57.0281675083169,0
Uttarakhand,1,Tehri Garhwal,1493543,428054,435743,9,863806,0,15377,879183,58.8655967722389,54.3464709086269,61.7328253899891,17.6470588235294
Uttarakhand,2,Garhwal,1355796,330296,391050,3,721349,0,26673,748022,55.1721645439284,46.610041530431,60.4287263994956,9.09090909090909
Uttarakhand,3,Almora,1337808,309061,368861,2,677924,0,21883,699807,52.309972731513,44.4638985559998,57.3906211102813,40
Uttarakhand,4,Nainital-udhamsingh Nagar,1828433,647658,601589,9,1249256,0,11754,1261010,68.9667053701175,67.0466603380398,69.7554340894175,34.6153846153846
Uttarakhand,5,Hardwar,1840738,671478,593713,22,1265213,0,8180,1273393,69.1783947525395,68.1346624509394,69.4324834462644,17.1875
West Bengal,1,Cooch behar,1814200,778609,741742,1,1520352,0,5094,1525446,84.0836732444053,82.3947537180917,85.3342076804491,16.6666666666667
West Bengal,2,Alipurduars,1648383,689356,686548,1,1375905,0,5271,1381176,83.7897503189489,82.4274976743296,84.5458732430096,4.34782608695652
West Bengal,3,Jalpaiguri,1735464,769205,728505,1,1497711,0,3668,1501379,86.5116764162207,86.523384333655,86.0677526369513,5.55555555555556
West Bengal,4,Darjeeling,1611317,642333,617792,0,1260125,0,9541,1269666,78.7967854866547,78.5548749093479,77.8458913646393,0
West Bengal,5,Raiganj,1601220,639728,632825,4,1272557,0,5519,1278076,79.8188880978254,76.9306067475182,82.2270327582779,8.33333333333333
West Bengal,6,Balurghat,1431704,605721,589598,21,1195340,0,2897,1198237,83.6930678408386,82.1110636653856,84.9617483504021,33.8709677419355
West Bengal,7,Maldaha Uttar,1685955,661444,690382,4,1351830,0,3537,1355367,80.3916474639003,76.4287257680784,84.1454154544446,7.54716981132076
West Bengal,8,Maldaha Dakshin,1575590,625059,650335,4,1275398,0,4579,1279977,81.2379489588027,77.8813051425467,84.133809932249,11.7647058823529
West Bengal,9,Jangipur,1616213,638429,664486,1,1302916,0,1713,1304629,80.721352940485,77.2705982026688,84.1177952444911,2.4390243902439
West Bengal,10,Baharampur,1638378,641365,654690,2,1296057,0,4976,1301033,79.409818735359,76.0837845147882,82.3130483324658,5
West Bengal,11,Murshidabad,1725187,720758,731221,4,1451983,0,2209,1454192,84.2918477822984,81.4785004278775,86.992124298087,14.2857142857143
West Bengal,12,Krishnanagar,1631698,688470,672857,4,1361331,0,5270,1366601,83.7533048394985,81.1042915876401,85.9565884461546,9.75609756097561
West Bengal,13,Ranaghat,1762252,749675,729275,5,1478955,0,5842,1484797,84.2556569662001,82.3420543912833,85.6193734414697,10.4166666666667
West Bengal,14,Bangaon,1704632,716577,687887,2,1404466,0,4187,1408653,82.6367802552105,81.7861826449309,83.033013458869,8.69565217391304
West Bengal,15,Barrackpore,1436431,579960,522600,7,1102567,0,2132,1104699,76.9058172651523,78.1296097965122,75.2920701285267,24.1379310344828
West Bengal,16,Dum dum,1566196,619195,583905,7,1203107,0,1588,1204695,76.9185338233529,79.2392104168666,74.4085848854635,16.2790697674419
West Bengal,17,Barasat,1718252,729072,664191,7,1393270,0,2924,1396194,81.2566491993025,83.5415363249479,78.5558165444907,15.9090909090909
West Bengal,18,Basirhat,1678357,753166,679304,6,1432476,0,1293,1433769,85.4269383688929,87.1059555545275,83.4858100767382,23.0769230769231
West Bengal,19,Jaynagar,1648355,710417,644971,3,1355391,0,995,1356386,82.287250015925,83.89510056779,80.4698904312632,5.26315789473684
West Bengal,20,Mathurapur,1652096,722868,678047,4,1400919,0,1100,1402019,84.8630466994654,84.7562198154721,84.8418834593569,14.2857142857143
West Bengal,21,Diamond harbour,1719190,745450,662528,9,1407987,0,1386,1409373,81.9788970387217,84.0369764951243,79.6227303974118,16.0714285714286
West Bengal,22,Jadavpur,1816857,743145,691668,13,1434826,0,2457,1437283,79.1082071951728,81.686098595559,76.2567735178192,17.3333333333333
West Bengal,23,Kolkata Dakshin,1728851,638271,565962,3,1204236,0,2840,1207076,69.8195506726722,71.1637241402378,68.0313927057276,9.09090909090909
West Bengal,24,Kolkata Uttar,1444082,527881,421566,6,949453,0,1186,950639,65.829987493785,66.4397389135157,64.9021385870946,40
West Bengal,25,Howrah,1633925,656812,564529,18,1221359,0,1349,1222708,74.8325657542421,76.9388096958934,72.3552904444655,69.2307692307692
West Bengal,26,Uluberia,1614988,676981,633018,18,1310017,0,1103,1311120,81.1845041573064,81.317085475424,80.9044166420637,43.9024390243903
West Bengal,27,Srerampur,1785472,722334,677696,12,1400042,0,2217,1402259,78.5371599218582,78.833326057537,77.9719129176188,31.5789473684211
West Bengal,28,Hooghly,1766601,735764,719695,9,1455468,0,3166,1458634,82.5672576886348,82.4934466188141,82.2829239738001,25
West Bengal,29,Arambagh,1764726,745780,724650,2,1470432,0,2030,1472462,83.438562133725,82.2946000582632,84.4112124276043,11.1111111111111
West Bengal,30,Tamluk,1694646,731556,712353,7,1443916,0,3024,1446940,85.3830239471842,83.3156996217768,87.2382923483884,21.2121212121212
West Bengal,31,Kanthi,1660147,723072,698678,0,1421750,0,3216,1424966,85.833724362963,84.0859614847893,87.3111759824847,0
West Bengal,32,Ghatal,1800002,738122,748473,5,1486600,0,2738,1489338,82.7409080656577,79.9444164047421,85.3750707207125,25
West Bengal,33,Jhargram,1641868,710101,691203,2,1401306,0,5925,1407231,85.7091434877834,85.6095193890038,85.0826573443789,15.3846153846154
West Bengal,34,Medinipur,1674236,713838,693138,1,1406977,0,3344,1410321,84.2366906457632,84.1600535728391,83.9120660412649,6.25
West Bengal,35,Purulia,1645884,695989,656252,1,1352242,0,3619,1355861,82.3788918295579,82.5409004927627,81.7586305704711,11.1111111111111
West Bengal,36,Bankura,1648906,703940,663542,3,1367485,0,5160,1372645,83.24580054897,83.6590650064948,82.1766581048178,33.3333333333333
West Bengal,37,Bishnupur,1627199,731565,686305,1,1417871,0,3320,1421191,87.3397169000227,87.8456024063834,86.3922226166469,12.5
West Bengal,38,Bardhaman Purba,1698089,731115,706739,10,1437864,0,1739,1439603,84.7778296661718,84.0739918745091,85.310132961548,22.2222222222222
West Bengal,39,Bardhaman Durgapur,1733578,738241,693229,5,1431475,0,1714,1433189,82.6723112545268,83.7237654776027,81.3846791415285,18.5185185185185
West Bengal,40,Asansol,1615865,664991,572239,2,1237232,0,919,1238151,76.6246561439229,78.8200070405591,74.1109749811562,4.54545454545455
West Bengal,41,Bolpur,1705073,747330,711617,2,1458949,0,2980,1461929,85.7399653856462,85.6567152375265,85.471511377913,8.33333333333333
West Bengal,42,Birbhum,1699219,743725,703397,1,1447123,0,2985,1450108,85.3396766396798,86.1519731347399,84.145543461227,5.26315789473684
,,,,,,,,,,,,,,
,,,,,,,,,,,,,,
,,,,,,,,,,,,,,
Disclaimer,,,,,,,,,,,,,,
"This report is based on Index Cards data made available by concerned Returning Officers on the basis of Statutory data maintained in the forms. In case of any dispute, the data maintained in the Statutory Forms by the concerned Returning Officers shall prevail.",,,,,,,,,,,,,,
