State Name,PC NO.,PC NAME,Polling Stations,Male,Female,TG,TOTAL,,Male,Female,TG,TOTAL,NRI,,TOTAL VOTERS,VOTER TURN OUT (%),Male,Female,TG
Andhra Pradesh,1,Araku (ST),2052,756088,800954,111,1557153,2520,560845,582168,0,1143013,0,22774,1165787,74.87,74.18,72.68,0
Andhra Pradesh,2,Srikakulam,2049,821758,824812,116,1646686,15512,583439,630675,14,1214128,5,27041,1241169,75.37,71,76.46,12.07
Andhra Pradesh,3,Vizianagaram,1886,791124,799780,90,1590994,5788,636780,648518,24,1285322,0,22310,1307632,82.19,80.49,81.09,26.67
Andhra Pradesh,4,Visakhapatnam,1962,952279,979004,115,1931398,4095,666349,704170,41,1370560,14,20570,1391130,72.03,69.97,71.93,35.65
Andhra Pradesh,5,Anakapalle,1828,784191,817141,33,1601365,4449,638070,671515,16,1309601,0,19125,1328726,82.97,81.37,82.18,48.48
Andhra Pradesh,6,Kakinada,1640,805234,829501,186,1634921,799,652890,659778,102,1312770,0,18616,1331386,81.43,81.08,79.54,54.84
Andhra Pradesh,7,Amalapuram (SC),1644,759898,772310,21,1532229,819,644627,640319,11,1284957,0,16977,1301934,84.97,84.83,82.91,52.38
Andhra Pradesh,8,Rajahmundry,1577,792975,830780,97,1623852,703,647738,666093,60,1313891,9,15271,1329162,81.85,81.68,80.18,61.86
Andhra Pradesh,9,Narsapuram,1463,722388,751345,78,1473811,888,602718,614586,47,1217351,28,15202,1232553,83.63,83.43,81.8,60.26
Andhra Pradesh,10,Eluru,1744,799901,838089,126,1638116,686,676968,693753,54,1370775,24,17215,1387990,84.73,84.63,82.78,42.86
Andhra Pradesh,11,Machilipatnam,1768,746622,793366,57,1540045,585,631990,662067,27,1294084,106,21405,1315489,85.42,84.65,83.45,47.37
Andhra Pradesh,12,Vijayawada,1792,830857,873461,151,1704469,392,663238,690008,99,1353345,7,17757,1371102,80.44,79.83,79,65.56
Andhra Pradesh,13,Guntur,1915,867085,926080,159,1793324,1781,686759,726457,62,1413278,0,24250,1437528,80.16,79.2,78.44,38.99
Andhra Pradesh,14,Narsaraopet,1929,847765,888206,191,1736162,1304,727861,758617,88,1486566,0,18311,1504877,86.68,85.86,85.41,46.07
Andhra Pradesh,15,Bapatla (SC),1766,739959,771133,85,1511177,4823,631216,656361,40,1287617,0,20626,1308243,86.57,85.3,85.12,47.06
Andhra Pradesh,16,Ongole,1927,809009,805409,107,1614525,6693,701248,699852,74,1401174,0,24784,1425958,88.32,86.68,86.89,69.16
Andhra Pradesh,17,Nandyal,1983,844830,879029,332,1724191,3178,685792,701399,176,1387367,0,23409,1410776,81.82,81.18,79.79,53.01
Andhra Pradesh,18,Kurnoolu,1847,853777,870170,244,1724191,1334,666126,656848,97,1323071,0,16471,1339542,77.69,78.02,75.49,39.75
Andhra Pradesh,19,Ananthapur,1955,874405,894625,234,1769264,1673,710510,713244,107,1423861,0,21637,1445498,81.7,81.26,79.73,45.73
Andhra Pradesh,20,Hindupur,1852,825761,832692,76,1658529,1754,704697,699325,36,1404058,2,20805,1424863,85.91,85.34,83.98,47.37
Andhra Pradesh,21,Kadapa,1963,803077,838056,216,1641349,2283,634349,669820,87,1304256,0,23363,1327619,80.89,78.99,79.93,40.28
Andhra Pradesh,22,Nellore,2043,838816,873840,184,1712840,566,668498,685909,74,1354481,0,24216,1378697,80.49,79.7,78.49,40.22
Andhra Pradesh,23,Thirupathi (SC),2027,843597,886573,148,1730318,486,673487,694837,38,1368362,0,19104,1387466,80.19,79.84,78.37,25.68
Andhra Pradesh,24,Rajampet,1874,819081,848172,132,1667385,1683,645420,672034,52,1317506,0,20414,1337920,80.24,78.8,79.23,39.39
Andhra Pradesh,25,Chittoor (SC),1903,809374,834087,132,1643593,3391,694417,712402,62,1406881,0,19029,1425910,86.76,85.8,85.41,46.97
Arunachal Pradesh,1,Arunachal West,1306,251346,268735,4,520085,2701,177023,202586,2,379611,0,22719,402330,77.36,70.43,75.39,50
Arunachal Pradesh,2,Arunachal East,920,192732,185624,1,378357,3047,153140,158252,0,311392,0,14671,326063,86.18,79.46,85.25,0
Assam,1,Kokrajhar (ST),1862,750857,743540,7,1494404,9833,615168,625137,1,1240306,0,14193,1254499,83.95,81.93,84.08,14.29
Assam,2,Dhubri,3024,1365321,1298641,25,2663987,3160,1253081,1196954,5,2450040,0,8740,2458780,92.3,91.78,92.17,20
Assam,3,Barpeta,2451,1007761,971269,21,1979051,12204,850460,826164,9,1676633,0,13418,1690051,85.4,84.39,85.06,42.86
Assam,4,Darrang-Udalguri,2622,1113643,1100840,33,2214516,5202,913392,898364,8,1811764,0,8880,1820644,82.21,82.02,81.61,24.24
Assam,5,Guwahati,2179,1003991,1035716,58,2039765,2919,789748,806677,7,1596432,0,6023,1602455,78.56,78.66,77.89,12.07
Assam,6,Diphu (ST),1217,449575,452456,19,902050,1018,338459,343977,5,682441,0,4935,687376,76.2,75.28,76.02,26.32
Assam,7,Karimganj,1660,725446,689062,12,1414520,2372,584655,555694,0,1140349,0,7258,1147607,81.13,80.59,80.64,0
Assam,8,Silchar (SC),1551,688748,685787,24,1374559,4981,541441,541165,6,1082612,0,8336,1090948,79.37,78.61,78.91,25
Assam,9,Nagaon,2083,918217,902724,82,1821023,3819,771964,772153,9,1544126,0,6502,1550628,85.15,84.07,85.54,10.98
Assam,10,Kaziranga,2357,1028420,1025352,33,2053805,3679,802309,824013,6,1626328,0,9308,1635636,79.64,78.01,80.36,18.18
Assam,11,Sonitpur,1878,817734,821225,33,1638992,5192,629405,652547,7,1281959,0,8597,1290556,78.74,76.97,79.46,21.21
Assam,12,Lakhimpur,1775,789517,790966,17,1580500,3266,594959,610495,2,1205456,0,8783,1214239,76.83,75.36,77.18,11.76
Assam,13,Dibrugarh,1923,812311,849652,35,1661998,2410,623386,650333,8,1273727,0,4737,1278464,76.92,76.74,76.54,22.86
Assam,14,Jorhat,2068,854583,878356,5,1732944,5823,677316,702369,2,1379687,0,16596,1396283,80.57,79.26,79.96,40
Bihar,1,Valmiki Nagar,1829,968965,860015,72,1829052,1771,532471,567647,7,1100125,0,3349,1103474,60.33,54.95,66,9.72
Bihar,2,Paschim Champaran,1756,939087,820083,64,1759234,3156,535461,546703,6,1082170,0,4628,1086798,61.78,57.02,66.66,9.38
Bihar,3,Purvi Champaran,1743,942619,850800,21,1793440,2679,517273,551813,5,1069091,0,5253,1074344,59.9,54.88,64.86,23.81
Bihar,4,Sheohar,1807,969489,864885,63,1834437,1692,501272,551231,2,1052505,0,3484,1055989,57.56,51.7,63.73,3.17
Bihar,5,Sitamarhi,1932,1029895,920058,75,1950028,2032,518587,575804,5,1094396,0,2564,1096960,56.25,50.35,62.58,6.67
Bihar,6,Madhubani,1939,1016061,920607,91,1936759,1779,473327,553007,4,1026338,0,1790,1028128,53.08,46.58,60.07,4.4
Bihar,7,Jhanjharpur,2037,1047537,957652,89,2005278,2238,503619,587770,5,1091394,0,2723,1094117,54.56,48.08,61.38,5.62
Bihar,8,Supaul,1895,998369,930477,41,1928887,1680,568472,656552,2,1225026,0,6528,1231554,63.85,56.94,70.56,4.88
Bihar,9,Araria,2004,1050929,968734,94,2019757,990,598132,652069,6,1250207,0,2544,1252751,62.02,56.91,67.31,6.38
Bihar,10,Kishanganj,1782,945306,884825,66,1830197,203,556663,593406,1,1150070,0,1226,1151296,62.91,58.89,67.06,1.52
Bihar,11,Katihar,1854,955971,878511,30,1834512,1503,561942,606768,0,1168710,0,3823,1172533,63.92,58.78,69.07,0
Bihar,12,Purnia,1891,977600,917363,73,1895036,1338,590192,604414,1,1194607,0,1631,1196238,63.12,60.37,65.89,1.37
Bihar,13,Madhepura,2047,1076602,996956,50,2073608,2442,575199,632297,3,1207499,0,2323,1209822,58.34,53.43,63.42,6
Bihar,14,Darbhanga,1785,937999,844820,34,1782853,1497,491044,531090,0,1022134,0,2852,1024986,57.49,52.35,62.86,0
Bihar,15,Muzaffarpur,1869,987259,881759,54,1869072,2966,550167,559926,2,1110095,0,2838,1112933,59.54,55.73,63.5,3.7
Bihar,16,Vaishali,1942,989468,882340,69,1871877,2699,564561,605297,3,1169861,0,2575,1172436,62.63,57.06,68.6,4.35
Bihar,17,Gopalganj (SC),2006,1031493,995481,80,2027054,2381,477669,581719,5,1059393,0,5188,1064581,52.52,46.31,58.44,6.25
Bihar,18,Siwan,1873,992994,908907,55,1901956,5444,465107,530396,3,995506,0,2698,998204,52.48,46.84,58.36,5.45
Bihar,19,Maharajganj,1916,1015534,926911,4,1942449,7512,470759,540703,0,1011462,0,3851,1015313,52.27,46.36,58.33,0
Bihar,20,Saran,1776,946197,854584,9,1800790,5780,504215,514278,1,1018494,0,4119,1022613,56.79,53.29,60.18,11.11
Bihar,21,Hajipur (SC),1920,1037490,935354,71,1972915,5821,574484,574904,6,1149394,0,6211,1155605,58.57,55.37,61.46,8.45
Bihar,22,Ujiarpur,1733,922736,825621,20,1748377,2969,503464,536716,3,1040183,0,2566,1042749,59.64,54.56,65.01,15
Bihar,23,Samastipur (SC),1830,956619,863369,28,1820016,1486,526434,566849,5,1093288,0,2578,1095866,60.21,55.03,65.66,17.86
Bihar,24,Begusarai,2070,1159084,1041292,59,2200435,4346,627666,661367,9,1289042,0,7185,1296227,58.91,54.15,63.51,15.25
Bihar,25,Khagaria,1865,966449,877270,48,1843767,3550,502543,556066,3,1058612,0,3687,1062299,57.62,52,63.39,6.25
Bihar,26,Bhagalpur,1892,1031249,956849,109,1988207,5176,545424,516186,4,1061614,0,3417,1065031,53.57,52.89,53.95,3.67
Bihar,27,Banka,1903,982365,877574,28,1859967,3401,499906,511710,0,1011616,0,3315,1014931,54.57,50.89,58.31,0
Bihar,28,Munger,2029,1091862,959915,52,2051829,9550,597974,536569,7,1134550,0,4634,1139184,55.52,54.77,55.9,13.46
Bihar,29,Nalanda,2365,1202273,1091652,69,2293994,5754,566513,572822,1,1139336,0,5620,1144956,49.91,47.12,52.47,1.45
Bihar,30,Patna Sahib,2131,1211129,1084287,111,2295527,3482,592775,480981,6,1073762,0,2230,1075992,46.87,48.94,44.36,5.41
Bihar,31,Patliputra,2159,1095711,984846,56,2080613,6928,664265,563524,4,1227793,0,2901,1230694,59.15,60.62,57.22,7.14
Bihar,32,Arrah,2249,1168844,1014748,33,2183625,18051,580976,507760,2,1088738,0,8342,1097080,50.24,49.71,50.04,6.06
Bihar,33,Buxar,1941,1016998,917337,17,1934352,11188,562516,503778,6,1066300,0,7786,1074086,55.53,55.31,54.92,35.29
Bihar,34,Sasaram (SC),2036,1000776,914111,27,1914914,4546,578643,513511,4,1092158,0,5767,1097925,57.34,57.82,56.18,14.81
Bihar,35,Karakat,1960,986518,901417,70,1888005,6814,546361,482271,9,1028641,0,4738,1033379,54.73,55.38,53.5,12.86
Bihar,36,Jahanabad,1793,881253,797431,32,1678716,8389,480456,440509,0,920965,0,6731,927696,55.26,54.52,55.24,0
Bihar,37,Aurangabad,2039,982046,893729,34,1875809,4245,500839,441460,2,942301,0,3743,946044,50.43,51,49.4,5.88
Bihar,38,Gaya (SC),1879,948485,872825,20,1821330,4515,508825,449559,3,958387,0,6483,964870,52.98,53.65,51.51,15
Bihar,39,Nawada,2044,1047731,962405,150,2010286,4162,455951,409925,4,865880,0,5958,871838,43.37,43.52,42.59,2.67
Bihar,40,Jamui (SC),1941,1000537,910031,51,1910619,3493,499732,477605,1,977338,0,1999,979337,51.26,49.95,52.48,1.96
Goa,1,North Goa,863,281617,299090,3,580710,133,221076,229976,2,451054,0,6168,457222,78.73,78.5,76.89,66.67
Goa,2,South Goa,862,290292,308633,9,598934,167,210012,235905,7,445924,0,5032,450956,75.29,72.35,76.44,77.78
Gujarat,1,Kachchh (SC),2140,1001224,942382,27,1943633,497,599289,491951,8,1091248,0,4758,1096006,56.39,59.86,52.2,29.63
Gujarat,2,Banaskantha,1960,1014732,948563,17,1963312,1388,741360,624492,8,1365860,0,12268,1378128,70.19,73.06,65.84,47.06
Gujarat,3,Patan,2073,1039422,982318,32,2021772,1856,644978,537963,10,1182951,0,12603,1195554,59.13,62.05,54.76,31.25
Gujarat,4,Mahesana,1798,912842,859148,58,1772048,1431,578728,481200,9,1059937,0,19324,1079261,60.9,63.4,56.01,15.52
Gujarat,5,Sabarkantha,2326,1009351,971379,67,1980797,4448,673366,582881,39,1256286,0,15204,1271490,64.19,66.71,60.01,58.21
Gujarat,6,Gandhinagar,1938,1121493,1061832,77,2183402,666,705958,598866,16,1304840,0,18705,1323545,60.62,62.95,56.4,20.78
Gujarat,7,Ahmedabad East,1820,1068564,971582,117,2040263,2101,628137,487159,17,1115313,0,15443,1130756,55.42,58.78,50.14,14.53
Gujarat,8,Ahmedabad West (SC),1517,890852,836720,73,1727645,658,526675,430866,30,957571,0,10232,967803,56.02,59.12,51.49,41.1
Gujarat,9,Surendranagar,2136,1058159,976810,32,2035001,1582,632127,488046,6,1120179,0,13211,1133390,55.69,59.74,49.96,18.75
Gujarat,10,Rajkot,2036,1094070,1018620,36,2112726,453,705589,555183,6,1260778,0,14088,1274866,60.34,64.49,54.5,16.67
Gujarat,11,Porbandar,1806,913428,856141,25,1769594,1382,521888,394660,10,916558,2,13798,930356,52.57,57.14,46.1,40
Gujarat,12,Jamnagar,1881,932789,886134,36,1818959,1095,587414,460995,13,1048422,0,3677,1052099,57.84,62.97,52.02,36.11
Gujarat,13,Junagadh,1847,919785,876722,25,1796532,1422,575101,482344,9,1057454,0,12168,1069622,59.54,62.53,55.02,36
Gujarat,14,Amreli,1841,896212,837129,26,1733367,557,484240,387123,10,871373,0,5721,877094,50.6,54.03,46.24,38.46
Gujarat,15,Bhavnagar,1965,995380,922974,40,1918394,1494,570888,462735,13,1033636,0,17545,1051181,54.79,57.35,50.14,32.5
Gujarat,16,Anand,1773,908442,872136,131,1780709,527,623620,534087,56,1157763,0,13221,1170984,65.76,68.65,61.24,42.75
Gujarat,17,Kheda,2037,1025815,982364,102,2008281,877,649782,516800,37,1166619,0,12422,1179041,58.71,63.34,52.61,36.27
Gujarat,18,Panchmahal,2109,967574,930633,27,1898234,1491,592313,523884,13,1116210,0,16725,1132935,59.68,61.22,56.29,48.15
Gujarat,19,Dahod (ST),1958,928025,948203,19,1876247,1111,571610,540636,3,1112249,0,6955,1119204,59.65,61.59,57.02,15.79
Gujarat,20,Vadodara,1803,995588,954305,230,1950123,550,638919,561804,62,1200785,0,12911,1213696,62.24,64.18,58.87,26.96
Gujarat,21,Chhota Udaipur (ST),2205,932362,890054,21,1822437,729,668609,591240,5,1259854,0,9536,1269390,69.65,71.71,66.43,23.81
Gujarat,22,Bharuch,1893,877707,845880,83,1723670,317,628064,563923,13,1192000,0,7601,1199601,69.6,71.56,66.67,15.66
Gujarat,23,Bardoli (ST),2180,1041490,1007279,19,2048788,380,696902,630769,5,1327676,0,15957,1343633,65.58,66.91,62.62,26.32
Gujarat,25,Navsari,2092,1197438,1026249,117,2223804,254,719925,606579,39,1326543,0,12801,1339344,60.23,60.12,59.11,33.33
Gujarat,26,Valsad (ST),2006,945740,914448,19,1860207,233,699982,652437,12,1352431,0,10577,1363008,73.27,74.01,71.35,63.16
Haryana,1,AMBALA (SC),2083,1062599,940835,76,2003510,6802,723642,620885,6,1344533,3,3561,1348094,67.29,68.1,65.99,7.89
Haryana,2,KURUKSHETRA,1848,946102,853696,24,1799822,5522,636544,565857,12,1202413,0,4548,1206961,67.06,67.28,66.28,50
Haryana,3,SIRSA (SC),1890,1026726,914550,43,1941319,3630,729134,622794,21,1351949,0,4409,1356358,69.87,71.02,68.1,48.84
Haryana,4,HISAR,1764,963668,835860,11,1799539,8817,636650,532137,3,1168790,0,6276,1175066,65.3,66.07,63.66,27.27
Haryana,5,KARNAL,2027,1112816,996848,38,2109702,5473,721760,619418,19,1341197,0,5459,1346656,63.83,64.86,62.14,50
Haryana,6,SONIPAT,1846,953328,823636,44,1777008,10384,610142,510357,8,1120507,0,6547,1127054,63.42,64,61.96,18.18
Haryana,7,ROHTAK,1885,1022698,890909,21,1913628,23784,668801,572398,2,1241201,0,12842,1254043,65.53,65.4,64.25,9.52
Haryana,8,BHIWANI-MAHENDRAGARH,1933,973429,848322,13,1821764,28735,627648,544905,1,1172554,0,11883,1184437,65.02,64.48,64.23,7.69
Haryana,9,GURGAON,2481,1372532,1212372,78,2584982,11571,858510,737734,7,1596251,0,6982,1603233,62.02,62.55,60.85,8.97
Haryana,10,FARIDABAD,2274,1324705,1111813,119,2436637,6425,814496,655871,6,1470373,34,3355,1473728,60.48,61.49,58.99,5.04
Himachal Pradesh,1,KANGRA,1911,776880,747147,5,1524032,21518,488637,531432,3,1020072,0,18606,1038678,68.15,62.9,71.13,60
Himachal Pradesh,2,MANDI,2213,698666,678504,3,1377173,13113,494734,503173,3,997910,0,20775,1018685,73.97,70.81,74.16,100
Himachal Pradesh,3,HAMIRPUR,1784,738522,717562,15,1456099,23463,485390,537567,13,1022970,0,29428,1052398,72.28,65.72,74.92,86.67
Himachal Pradesh,4,SHIMLA (SC),2084,699007,655646,12,1354665,8296,501197,458261,8,959466,0,11849,971315,71.7,71.7,69.89,66.67
Karnataka,1,Chikkodi,1896,893799,876644,80,1770523,8829,705060,680635,30,1385725,0,9600,1395325,78.81,78.88,77.64,37.5
Karnataka,2,Belgaum,2086,965239,966412,95,1931746,7958,697491,677774,20,1375285,0,11536,1386821,71.79,72.26,70.13,21.05
Karnataka,3,Bagalkot,1946,899239,910750,101,1810090,3907,663603,648669,27,1312299,0,7414,1319713,72.91,73.8,71.22,26.73
Karnataka,4,Bijapur (SC),2086,989826,957940,210,1947976,1886,664416,625538,32,1289986,0,7087,1297073,66.59,67.12,65.3,15.24
Karnataka,5,Gulbarga (SC),2166,1050520,1047976,282,2098778,576,662863,643273,31,1306167,0,5066,1311233,62.48,63.1,61.38,10.99
Karnataka,6,Raichur (ST),2203,994976,1015166,299,2010441,338,657867,641917,22,1299806,0,5019,1304825,64.9,66.12,63.23,7.36
Karnataka,7,Bidar,2024,972779,921482,103,1894364,1402,633259,606134,13,1239406,0,3651,1243057,65.62,65.1,65.78,12.62
Karnataka,8,Koppal,2045,920095,946786,135,1867016,619,669611,655289,40,1324940,0,4899,1329839,71.23,72.78,69.21,29.63
Karnataka,9,Bellary (ST),1972,929274,954929,269,1884472,432,697720,688749,90,1386559,0,3436,1389995,73.76,75.08,72.13,33.46
Karnataka,10,Haveri,1982,903696,890615,83,1794394,1620,713579,677543,24,1391146,0,5985,1397131,77.86,78.96,76.08,28.92
Karnataka,11,Dharwad,1901,919895,914020,100,1834015,2040,699294,663201,26,1362521,0,4049,1366570,74.51,76.02,72.56,26
Karnataka,12,Uttara Kannada,1977,828037,817668,16,1645721,4565,633616,622391,5,1256012,0,7859,1263871,76.8,76.52,76.12,31.25
Karnataka,13,Davanagere,1946,852543,857129,137,1709809,565,668085,647830,36,1315951,0,5277,1321228,77.27,78.36,75.58,26.28
Karnataka,14,Shimoga,2039,863490,890090,35,1753615,730,680925,692402,13,1373340,0,5239,1378579,78.61,78.86,77.79,37.14
Karnataka,15,Udupi Chikmagalur,1842,768755,816929,37,1585721,559,594594,628338,7,1222939,0,8123,1231062,77.63,77.35,76.91,18.92
Karnataka,16,Hassan,2221,865884,872891,43,1738818,2208,673184,674822,7,1348013,0,9362,1357375,78.06,77.75,77.31,16.28
Karnataka,17,Dakshina Kannada,1876,887122,930928,77,1818127,524,681824,727852,19,1409695,0,8773,1418468,78.02,76.86,78.19,24.68
Karnataka,18,Chitradurga (SC),2168,926027,931254,104,1857385,509,688507,672505,39,1361051,0,6944,1367995,73.65,74.35,72.21,37.5
Karnataka,19,Tumkur,1846,819560,842200,74,1661834,525,649934,646777,19,1296730,0,7578,1304308,78.49,79.3,76.8,25.68
Karnataka,20,Mandya,2076,876988,902993,168,1780149,906,720528,732515,44,1453087,0,7476,1460563,82.05,82.16,81.12,26.19
Karnataka,21,Mysore,2202,1028309,1065817,184,2094310,2088,732605,744902,39,1477546,0,8645,1486191,70.96,71.24,69.89,21.2
Karnataka,22,Chamarajanagar (SC),2000,879046,899514,107,1778667,357,682989,682909,31,1365929,0,4407,1370336,77.04,77.7,75.92,28.97
Karnataka,23,Bangalore Rural,2829,1425029,1377602,325,2802956,376,963041,950920,63,1914024,0,6655,1920679,68.52,67.58,69.03,19.38
Karnataka,24,Bangalore North,2911,1649669,1565018,604,3215291,795,882603,867907,112,1750622,0,6263,1756885,54.64,53.5,55.46,18.54
Karnataka,25,Bangalore central,2125,1255088,1178699,467,2434254,503,668826,646676,85,1315587,0,2759,1318346,54.16,53.29,54.86,18.2
Karnataka,26,Bangalore South,2120,1207404,1134091,400,2341895,136,630756,614381,51,1245188,0,4864,1250052,53.38,52.24,54.17,12.75
Karnataka,27,Chikkballapur,2326,984165,997336,266,1981767,420,766691,759112,82,1525885,0,5158,1531043,77.26,77.9,76.11,30.83
Karnataka,28,Kolar (SC),2060,855080,872907,211,1728198,1284,680925,670708,68,1351701,0,5113,1356814,78.51,79.63,76.84,32.23
Kerala,1,Kasaragod,1334,704664,750852,14,1455530,3300,513550,591001,5,1104556,572,12665,1117221,76.76,72.88,78.71,35.71
Kerala,2,Kannur,1178,650710,712364,6,1363080,4712,485059,563723,3,1048785,77,17386,1066171,78.22,74.54,79.13,50
Kerala,3,Vadakara,1201,684423,740347,22,1424792,2909,507285,607508,4,1114797,1572,14459,1129256,79.26,74.12,82.06,18.18
Kerala,4,Wayanad,1327,723037,741420,15,1464472,2049,520776,554927,3,1075706,0,10753,1086459,74.19,72.03,74.85,20
Kerala,5,Kozhikode,1206,693866,738616,26,1432508,2877,515873,563763,12,1079648,116,13329,1092977,76.3,74.35,76.33,46.15
Kerala,6,Malappuram,1215,746743,733959,12,1480714,793,519394,560273,4,1079671,51,7724,1087395,73.44,69.55,76.34,33.33
Kerala,7,Ponnani,1167,729681,741552,27,1471260,456,467732,552185,15,1019932,78,6684,1026616,69.78,64.1,74.46,55.56
Kerala,8,Palakkad,1329,684909,715992,13,1400914,2771,495471,532676,9,1028156,58,10790,1038946,74.16,72.34,74.4,69.23
Kerala,9,Alathur (SC),1156,650999,689172,12,1340183,2687,476034,505527,5,981566,9,12193,993759,74.15,73.12,73.35,41.67
Kerala,10,Thrissur,1281,708974,774789,20,1483783,728,508866,572309,6,1081181,64,11393,1092574,73.63,71.77,73.87,30
Kerala,11,Chalakudy,1198,634996,676240,21,1311257,728,460353,482431,8,942792,0,10728,953520,72.72,72.5,71.34,38.1
Kerala,12,Ernakulam,1130,641291,683451,15,1324757,710,450518,453580,4,904102,0,6933,911035,68.77,70.25,66.37,26.67
Kerala,13,Idukki,1315,616010,635153,9,1251172,1015,425576,406332,6,831914,31,9372,841286,67.24,69.09,63.97,66.67
Kerala,14,Kottayam,1198,608713,647410,15,1256138,1315,418309,404970,6,823285,0,14605,837890,66.7,68.72,62.55,40
Kerala,15,Alappuzha,1333,680390,726290,9,1406689,6606,509003,541880,2,1050885,0,18064,1068949,75.99,74.81,74.61,22.22
Kerala,16,Mavelikkara (SC),1281,637319,701831,9,1339159,7279,417515,461468,3,878986,0,19125,898111,67.07,65.51,65.75,33.33
Kerala,17,Pathanamthitta,1437,687355,746592,9,1433956,4256,442760,462982,6,905748,22,15817,921565,64.27,64.42,62.01,66.67
Kerala,18,Kollam,1215,635694,695160,19,1330873,4225,424148,479933,7,904088,0,14172,918260,69,66.72,69.04,36.84
Kerala,19,Attingal,1423,657673,743406,35,1401114,4307,449212,521292,13,970517,20,16400,986917,70.44,68.3,70.12,37.14
Kerala,20,Thiruvananthapuram,1307,693061,741537,59,1434657,4126,467090,483755,29,950874,0,13477,964351,67.22,67.4,65.24,49.15
Madhya Pradesh,1,MORENA,2362,1080716,935189,23,2015928,9198,661137,522440,9,1183586,0,6040,1189626,59.01,61.18,55.86,39.13
Madhya Pradesh,2,BHIND (SC),2183,1036316,877037,36,1913389,12735,593822,450445,11,1044278,0,6603,1050881,54.92,57.3,51.36,30.56
Madhya Pradesh,3,GWALIOR,2289,1142669,1017473,64,2160206,5605,734839,603898,21,1338758,0,6969,1345727,62.3,64.31,59.35,32.81
Madhya Pradesh,4,GUNA,2203,984985,905662,48,1890695,1144,747295,621196,29,1368520,0,5685,1374205,72.68,75.87,68.59,60.42
Madhya Pradesh,5,SAGAR,2077,915935,830664,41,1746640,950,644613,503300,19,1147932,0,3083,1151015,65.9,70.38,60.59,46.34
Madhya Pradesh,6,TIKAMGARH (SC),2079,959251,868694,31,1827976,1391,606798,489594,10,1096402,0,2399,1098801,60.11,63.26,56.36,32.26
Madhya Pradesh,7,DAMOH,2285,1009414,916569,17,1926000,686,615030,472445,6,1087481,0,2215,1089696,56.58,60.93,51.54,35.29
Madhya Pradesh,8,KHAJURAHO,2295,1048686,949816,34,1998536,1053,625382,512714,13,1138109,0,3295,1141404,57.11,59.63,53.98,38.24
Madhya Pradesh,9,SATNA,1950,895906,812911,6,1708823,3563,564452,491966,3,1056421,0,3249,1059670,62.01,63,60.52,50
Madhya Pradesh,10,REWA,2014,974090,885335,14,1859439,7313,490325,425059,9,915393,0,4669,920062,49.48,50.34,48.01,64.29
Madhya Pradesh,11,SIDHI,2375,1053186,976895,14,2030095,1644,597694,548622,2,1146318,0,2444,1148762,56.59,56.75,56.16,14.29
Madhya Pradesh,12,SHAHDOL (ST),2199,902162,875975,21,1778158,973,589515,559980,11,1149506,0,3356,1152862,64.83,65.34,63.93,52.38
Madhya Pradesh,13,JABALPUR,2139,964785,933300,95,1898180,1834,609662,546747,25,1156434,0,2571,1159005,61.06,63.19,58.58,26.32
Madhya Pradesh,14,MANDLA (ST),2614,1051639,1051579,26,2103244,1433,774005,757931,14,1531950,0,4156,1536106,73.04,73.6,72.08,53.85
Madhya Pradesh,15,BALAGHAT,2322,932197,943547,16,1875760,2107,683450,693729,9,1377188,0,5598,1382786,73.72,73.32,73.52,56.25
Madhya Pradesh,16,CHHINDWARA,1939,826815,807891,15,1634721,2531,669882,633439,12,1303333,0,3228,1306561,79.93,81.02,78.41,80
Madhya Pradesh,17,HOSHANGABAD,2205,961014,897091,53,1858158,2466,687707,559621,30,1247358,0,2614,1249972,67.27,71.56,62.38,56.6
Madhya Pradesh,18,VIDISHA,2384,1008723,937864,44,1946631,1227,785168,663841,29,1449038,0,7275,1456313,74.81,77.84,70.78,65.91
Madhya Pradesh,19,BHOPAL,2363,1200649,1138585,177,2339411,1854,797656,697299,54,1495009,0,4919,1499928,64.12,66.44,61.24,30.51
Madhya Pradesh,20,RAJGARH,2240,964296,912354,22,1876672,1461,770693,655205,13,1425911,0,5677,1431588,76.28,79.92,71.81,59.09
Madhya Pradesh,21,DEWAS (SC),2309,997094,946442,23,1943559,3087,793292,671487,17,1464796,0,5147,1469943,75.63,79.56,70.95,73.91
Madhya Pradesh,22,UJJAIN (SC),2097,908828,891441,78,1800347,1643,706001,620028,42,1326071,0,3140,1329211,73.83,77.68,69.55,53.85
Madhya Pradesh,23,MANDSOUR,2156,960533,940247,28,1900808,2748,749550,679195,20,1428765,0,6109,1434874,75.49,78.03,72.24,71.43
Madhya Pradesh,24,RATLAM (ST),2361,1040520,1054552,37,2095109,561,780119,748043,14,1528176,0,6022,1534198,73.23,74.97,70.93,37.84
Madhya Pradesh,25,DHAR (ST),2159,980272,974800,45,1955117,1283,740757,681251,21,1422029,0,3618,1425647,72.92,75.57,69.89,46.67
Madhya Pradesh,26,INDORE,2397,1276189,1251692,97,2527978,1148,834453,723791,67,1558311,0,4416,1562727,61.82,65.39,57.83,69.07
Madhya Pradesh,27,KHARGONE (ST),2255,1024261,1022119,29,2046409,379,799760,756175,23,1555958,0,3045,1559003,76.18,78.08,73.98,79.31
Madhya Pradesh,28,KHANDWA,2273,1071562,1041261,51,2112874,671,790140,720684,18,1510842,0,4148,1514990,71.7,73.74,69.21,35.29
Madhya Pradesh,29,BETUL (ST),2355,968795,929158,36,1897989,2658,723480,670184,22,1393686,0,3119,1396805,73.59,74.68,72.13,61.11
Maharashtra,1,Nandurbar (ST),2115,993949,977348,27,1971324,997,723097,669528,10,1392635,0,2358,1394993,70.76,72.75,68.5,37.04
Maharashtra,2,Dhule,1969,1055090,970138,47,2025275,3214,658137,559371,15,1217523,0,4418,1221941,60.33,62.38,57.66,31.91
Maharashtra,3,Jalgaon,1982,1043600,956717,85,2000402,6356,628129,537830,18,1165977,0,4676,1170653,58.52,60.19,56.22,21.18
Maharashtra,4,Raver,1904,943768,880005,54,1823827,2077,621983,548950,11,1170944,0,2789,1173733,64.36,65.9,62.38,20.37
Maharashtra,5,Buldhana,1962,937458,849613,24,1787095,4395,603559,502316,10,1105885,0,4339,1110224,62.12,64.38,59.12,41.67
Maharashtra,6,Akola,2056,981257,913355,45,1894657,3843,634116,534239,11,1168366,0,5416,1173782,61.95,64.62,58.49,24.44
Maharashtra,7,Amravati (SC),1983,946804,891878,85,1838767,2689,632004,537183,18,1169205,0,5574,1174779,63.89,66.75,60.23,21.18
Maharashtra,8,Wardha,1997,859907,824371,14,1684292,1521,586906,504530,9,1091445,0,5204,1096649,65.11,68.25,61.2,64.29
Maharashtra,9,Ramtek (SC),2405,1046680,1004220,52,2050952,1867,666530,583669,6,1250205,0,2678,1252883,61.09,63.68,58.12,11.54
Maharashtra,10,Nagpur,2105,1114033,1110026,223,2224282,1001,628957,578784,28,1207769,0,4316,1212085,54.49,56.46,52.14,12.56
Maharashtra,11,Bhandara Gondiya,2133,912639,917746,14,1830399,3211,626266,598657,6,1224929,0,12883,1237812,67.63,68.62,65.23,42.86
Maharashtra,12,Gadchiroli - Chimur (ST),1891,816173,802507,10,1618690,1483,595305,567146,5,1162456,0,5456,1167912,72.15,72.94,70.67,50
Maharashtra,13,Chandrapur,2118,947517,892195,48,1839760,1854,658335,583243,11,1241589,0,3536,1245125,67.68,69.48,65.37,22.92
Maharashtra,14,Yavatmal- Washim,2225,1003893,938504,64,1942461,1545,655708,564519,23,1220250,0,5351,1225601,63.1,65.32,60.15,35.94
Maharashtra,15,Hingoli,2008,947996,871061,25,1819082,1348,628307,526652,9,1154968,0,4776,1159744,63.75,66.28,60.46,36
Maharashtra,16,Nanded,2068,956736,896654,142,1853532,1689,606482,522141,20,1128643,0,5315,1133958,61.18,63.39,58.23,14.08
Maharashtra,17,Parbhani,2290,1105301,1019163,33,2124497,1441,717683,604312,4,1321999,0,9335,1331334,62.67,64.93,59.29,12.12
Maharashtra,18,Jalna,2061,1036430,933471,52,1969953,2379,735880,625335,11,1361226,0,6346,1367572,69.42,71,66.99,21.15
Maharashtra,19,Aurangabad,2040,1079279,981813,128,2061220,1510,709131,589055,41,1298227,0,4556,1302783,63.2,65.7,60,32.03
Maharashtra,20,Dindori (ST),1922,964770,893137,17,1857924,4537,679146,557525,4,1236675,0,5310,1241985,66.85,70.39,62.42,23.53
Maharashtra,21,Nashik,1910,1061970,971125,80,2033175,3051,672512,560705,35,1233252,0,4361,1237613,60.87,63.33,57.74,43.75
Maharashtra,22,Palghar (ST),2270,1125531,1023094,225,2148850,336,732484,640627,48,1373159,0,3518,1376677,64.07,65.08,62.62,21.33
Maharashtra,23,Bhiwandi,2191,1130055,957210,339,2087604,360,687707,562625,54,1250386,0,4392,1254778,60.11,60.86,58.78,15.93
Maharashtra,24,Kalyan,1960,1117966,964048,786,2082800,579,583171,460292,170,1043633,0,3614,1047247,50.28,52.16,47.75,21.63
Maharashtra,25,Thane,2453,1348824,1159041,207,2508072,700,717497,588648,36,1306181,0,4875,1311056,52.27,53.19,50.79,17.39
Maharashtra,26,Mumbai North,1702,969143,842559,413,1812115,173,560391,472815,61,1033267,0,3228,1036495,57.2,57.82,56.12,14.77
Maharashtra,27,Mumbai North West,1753,938548,796687,60,1735295,207,521297,430256,29,951582,0,3468,955050,55.04,55.54,54.01,48.33
Maharashtra,28,Mumbai North East,1682,878243,758813,236,1637292,402,506436,416260,95,922791,0,4476,927267,56.63,57.66,54.86,40.25
Maharashtra,29,Mumbai North Central,1698,941445,802787,65,1744297,169,494895,412311,23,907229,0,3513,910742,52.21,52.57,51.36,35.38
Maharashtra,30,Mumbai South Central,1539,787907,686531,222,1474660,255,426666,363596,76,790338,2,4534,794872,53.9,54.15,52.96,34.23
Maharashtra,31,Mumbai South,1530,832822,703578,43,1536443,275,417209,351996,18,769223,0,4105,773328,50.33,50.1,50.03,41.86
Maharashtra,32,Raigad,2185,821910,847808,4,1669722,1350,500414,509285,0,1009699,0,5517,1015216,60.8,60.88,60.07,0
Maharashtra,33,Maval,2566,1349892,1235711,173,2585776,758,777742,640650,46,1418438,0,1789,1420227,54.92,57.62,51.84,26.59
Maharashtra,34,Pune,2018,1058642,1003206,324,2062172,896,584504,519078,89,1103671,0,1098,1104769,53.57,55.21,51.74,27.47
Maharashtra,35,Baramati,2516,1244085,1130683,116,2374884,2216,774501,637313,19,1411833,0,2201,1414034,59.54,62.25,56.37,16.38
Maharashtra,36,Shirur,2509,1338746,1202801,203,2541750,2048,773974,601591,33,1375598,0,2093,1377691,54.2,57.81,50.02,16.26
Maharashtra,37,Ahmednagar,2026,1039793,949022,119,1988934,7068,721432,598835,51,1320318,0,6812,1327130,66.73,69.38,63.1,42.86
Maharashtra,38,Shirdi (SC),1708,867215,812774,78,1680067,2732,580254,477040,34,1057328,0,3090,1060418,63.12,66.91,58.69,43.59
Maharashtra,39,Beed,2355,1138690,1008344,29,2147063,4516,831355,688370,8,1519733,0,4837,1524570,71.01,73.01,68.27,27.59
Maharashtra,40,Osmanabad,2139,1055756,940647,81,1996484,3747,690630,582449,20,1273099,0,9344,1282443,64.24,65.42,61.92,24.69
Maharashtra,41,Latur (SC),2125,1038670,941678,61,1980409,3367,664655,572710,25,1237390,0,5761,1243151,62.77,63.99,60.82,40.98
Maharashtra,42,Solapur (SC),1968,1043209,988513,199,2031921,1802,645059,556558,56,1201673,0,3350,1205023,59.3,61.83,56.3,28.14
Maharashtra,43,Madha,2030,1040361,955867,70,1996298,4844,690063,577453,30,1267546,0,7561,1275107,63.87,66.33,60.41,42.86
Maharashtra,44,Sangli,1830,958871,915181,124,1874176,6002,622062,541269,32,1163363,0,5957,1169320,62.39,64.87,59.14,25.81
Maharashtra,45,Satara,2315,968321,930928,76,1899325,9585,623143,570322,22,1193487,0,6697,1200184,63.19,64.35,61.26,28.95
Maharashtra,46,Ratnagiri- Sindhudurg,1942,715936,736716,12,1452664,1034,459103,448513,1,907617,15,9377,916994,63.12,64.13,60.88,8.33
Maharashtra,47,Kolhapur,2156,990857,951777,91,1942725,6322,724736,661457,39,1386232,0,7938,1394170,71.76,73.14,69.5,42.86
Maharashtra,48,Hatkanangale,1830,929861,888440,95,1818396,4119,678650,611511,30,1290191,0,7091,1297282,71.34,72.98,68.83,31.58
Manipur,1,Inner Manipur,1348,483280,517622,213,1001115,9541,374862,419752,107,794721,0,11316,806037,80.51,77.57,81.09,50.23
Manipur,2,Outer Manipur (ST),1701,518482,531725,35,1050242,12215,387336,406318,10,793664,0,6068,799732,76.15,74.71,76.42,28.57
Meghalaya,1,Shillong (ST),2288,686179,716711,2,1402892,2481,485693,547756,2,1033451,0,5106,1038557,74.03,70.78,76.43,100
Meghalaya,2,Tura (ST),1224,417134,410424,1,827559,1403,332471,339780,1,672252,0,4218,676470,81.74,79.7,82.79,100
Mizoram,1,MIZORAM (ST),1280,419677,441650,0,861327,4963,241346,245842,0,487188,0,4640,491828,57.1,57.51,55.66,0
Nagaland,1,Nagaland,2342,664460,660923,0,1325383,7847,377934,382604,0,760538,0,6035,766573,57.84,56.88,57.89,0
Odisha,1,Bargarh,1912,822825,810946,122,1633893,1919,663442,638598,29,1302069,0,10457,1312526,80.33,80.63,78.75,23.77
Odisha,2,Sundargarh (ST),1854,780601,798327,168,1579096,2991,569214,581876,39,1151129,0,8631,1159760,73.44,72.92,72.89,23.21
Odisha,3,Sambalpur,1769,753505,747896,137,1501538,1810,596342,596926,34,1193302,0,7513,1200815,79.97,79.14,79.81,24.82
Odisha,4,Keonjhar (ST),1971,791403,798443,95,1589941,1762,617308,635438,15,1252761,0,6010,1258771,79.17,78,79.58,15.79
Odisha,5,Mayurbhanj (ST),1896,767080,779143,51,1546274,3347,568416,600915,4,1169335,0,8806,1178141,76.19,74.1,77.13,7.84
Odisha,6,Balasore,1662,817822,792067,154,1610043,2029,611996,623511,42,1235549,0,5450,1240999,77.08,74.83,78.72,27.27
Odisha,7,Bhadrak (SC),1816,912525,861215,188,1773928,3013,624297,671903,38,1296238,0,7345,1303583,73.49,68.41,78.02,20.21
Odisha,8,Jajpur (SC),1644,797675,750851,68,1548594,2930,584753,567085,9,1151847,0,9749,1161596,75.01,73.31,75.53,13.24
Odisha,9,Dhenkanal,1715,792631,740900,171,1533702,3917,611216,582084,31,1193331,0,8672,1202003,78.37,77.11,78.56,18.13
Odisha,10,Bolangir,2146,919930,883309,305,1803544,1800,700985,696273,65,1397323,0,7130,1404453,77.87,76.2,78.83,21.31
Odisha,11,Kalahandi,2023,852184,849744,110,1702038,1258,653769,671244,24,1325037,0,13443,1338480,78.64,76.72,78.99,21.82
Odisha,12,Nabarangpur (ST),1790,742873,771621,116,1514610,470,610090,633386,40,1243516,0,6659,1250175,82.54,82.13,82.09,34.48
Odisha,13,Kandhamal,1575,672860,667607,113,1340580,1490,493057,500210,36,993303,0,6462,999765,74.58,73.28,74.93,31.86
Odisha,14,Cuttack,1677,813196,761574,209,1574979,3357,581320,537805,35,1119160,0,3919,1123079,71.31,71.49,70.62,16.75
Odisha,15,Kendrapara,2014,929863,865772,90,1795725,3002,638849,638413,10,1277272,0,6192,1283464,71.47,68.7,73.74,11.11
Odisha,16,Jagatsinghpur (SC),1892,879289,824064,136,1703489,2675,657574,626403,25,1284002,0,7324,1291326,75.8,74.78,76.01,18.38
Odisha,17,Puri,1777,823575,766014,109,1589698,3233,608964,585858,27,1194849,0,6585,1201434,75.58,73.94,76.48,24.77
Odisha,18,Bhubaneswar,1684,870888,803561,570,1675019,2245,563065,514851,127,1078043,0,5498,1083541,64.69,64.65,64.07,22.28
Odisha,19,Aska,1703,847842,775419,143,1623404,2430,485508,530520,19,1016047,0,2492,1018539,62.74,57.26,68.42,13.29
Odisha,20,Berhampur,1711,801105,793974,149,1595228,3848,513058,527858,38,1040954,0,5734,1046688,65.61,64.04,66.48,25.5
Odisha,21,Koraput (ST),1807,707468,773914,260,1481642,720,554704,593747,108,1148559,0,6662,1155221,77.97,78.41,76.72,41.54
Punjab,1,Gurdaspur,1895,870817,756758,36,1627611,22407,549247,520993,14,1070254,0,10774,1081028,66.42,63.07,68.85,38.89
Punjab,2,Amritsar,1684,851513,765966,63,1617542,6279,487193,416114,19,903326,0,2499,905825,56,57.21,54.33,30.16
Punjab,3,Khadoor Sahib,1974,888196,791772,67,1680035,12238,540199,503054,14,1043267,1,6006,1049273,62.46,60.82,63.54,20.9
Punjab,4,Jalandhar (SC),1951,861405,794419,44,1655868,1863,507489,480090,23,987602,5,1714,989316,59.75,58.91,60.43,52.27
Punjab,5,Hoshiarpur (SC),1963,846758,771384,44,1618186,16360,467845,474952,13,942810,0,6306,949116,58.65,55.25,61.57,29.55
Punjab,6,Anandpur Sahib,2068,912163,828379,64,1740606,8395,550539,523137,33,1073709,1,3741,1077450,61.9,60.36,63.15,51.56
Punjab,7,Ludhiana,1843,939148,821474,134,1760756,2142,580724,476459,36,1057219,3,2459,1059678,60.18,61.84,58,26.87
Punjab,8,Fatehgarh Sahib (SC),1821,827814,729355,32,1557201,4634,527901,443109,21,971031,0,3535,974566,62.58,63.77,60.75,65.63
Punjab,9,Faridkot (SC),1688,847823,751957,81,1599861,5828,545265,464420,26,1009711,0,4832,1014543,63.41,64.31,61.76,32.1
Punjab,10,Firozpur,1903,885391,789540,48,1674979,4971,604893,514331,17,1119241,0,8135,1127376,67.31,68.32,65.14,35.42
Punjab,11,Bathinda,1814,877751,781378,34,1659163,7975,615531,529714,19,1145264,3,6456,1151720,69.42,70.13,67.79,55.88
Punjab,12,Sangrur,1765,831022,732740,46,1563808,7207,548273,457759,19,1006051,0,4655,1010706,64.63,65.98,62.47,41.3
Punjab,13,Patiala,2082,949230,862270,80,1811580,5156,616744,532293,28,1149065,0,3187,1152252,63.6,64.97,61.73,35
Rajasthan,1,GANGANAGAR (SC),2016,1098275,1005628,65,2103968,1966,743894,655765,43,1399702,0,14608,1414310,67.22,67.73,65.21,66.15
Rajasthan,2,BIKANER (SC),1929,1080305,970411,32,2050748,2349,617152,491253,18,1108423,0,10949,1119372,54.58,57.13,50.62,56.25
Rajasthan,3,CHURU,2129,1164762,1057435,16,2222213,9026,734239,673539,11,1407789,0,18809,1426598,64.2,63.04,63.7,68.75
Rajasthan,4,JHUNJHUNU,1997,1108445,989274,13,2097732,29192,560934,533967,7,1094908,0,30208,1125116,53.63,50.61,53.98,53.85
Rajasthan,5,SIKAR,2088,1172253,1060067,14,2232334,17434,650064,624239,8,1274311,0,30026,1304337,58.43,55.45,58.89,57.14
Rajasthan,6,JAIPUR RURAL,2128,1154768,1039779,8,2194555,9577,662155,576600,7,1238762,0,26826,1265588,57.67,57.34,55.45,87.5
Rajasthan,7,JAIPUR,2085,1192089,1096624,80,2288793,1443,782994,666587,36,1449617,0,15383,1465000,64.01,65.68,60.79,45
Rajasthan,8,ALWAR,2024,1099008,976062,23,2075093,15205,661191,576274,8,1237473,0,19348,1256821,60.57,60.16,59.04,34.78
Rajasthan,9,BHARATPUR (SC),2024,1136386,988564,21,2124971,10055,610675,506165,10,1116850,0,19164,1136014,53.46,53.74,51.2,47.62
Rajasthan,10,KARAULI-DHOLPUR (SC),1975,1068519,911647,16,1980182,4830,545202,434406,7,979615,0,11383,990998,50.05,51.02,47.65,43.75
Rajasthan,11,DAUSA (ST),1965,1007209,896307,4,1903520,4216,573806,484775,2,1058583,0,15949,1074532,56.45,56.97,54.09,50
Rajasthan,12,TONK-SAWAI MADHOPUR,2118,1124371,1026231,14,2150616,2488,658943,556401,7,1215351,0,13251,1228602,57.13,58.61,54.22,50
Rajasthan,13,AJMER,1970,1018562,980810,27,1999399,3700,620954,569606,16,1190576,0,12259,1202835,60.16,60.96,58.08,59.26
Rajasthan,14,NAGAUR,2010,1117896,1037594,12,2155502,8777,637028,591461,7,1228496,0,12783,1241279,57.59,56.98,57,58.33
Rajasthan,15,PALI,2267,1222106,1126130,38,2348274,5042,695443,644557,18,1340018,0,15556,1355574,57.73,56.91,57.24,47.37
Rajasthan,16,JODHPUR,2134,1120959,1017235,47,2138241,5528,736619,633721,31,1370371,0,15547,1385918,64.82,65.71,62.3,65.96
Rajasthan,17,BARMER,2641,1179235,1029386,9,2208630,2393,900810,774502,2,1675314,0,13824,1689138,76.48,76.39,75.24,22.22
Rajasthan,18,JALORE,2176,1205880,1091798,14,2297692,364,753227,691665,4,1444896,0,6635,1451531,63.17,62.46,63.35,28.57
Rajasthan,19,UDAIPUR (ST),2264,1133450,1097771,19,2231240,269,740759,746590,6,1487355,0,11719,1499074,67.19,65.35,68.01,31.58
Rajasthan,20,BANSWARA (ST),2201,1111037,1089548,22,2200607,169,800393,825345,9,1625747,0,11275,1637022,74.39,72.04,75.75,40.91
Rajasthan,21,CHITTORGARH,2326,1092935,1077776,27,2170738,571,768329,720557,16,1488902,0,10694,1499596,69.08,70.3,66.86,59.26
Rajasthan,22,RAJSAMAND,2125,1059097,1005356,25,2064478,3536,608423,594871,12,1203306,0,11117,1214423,58.82,57.45,59.17,48
Rajasthan,23,BHILWARA,2221,1090873,1057766,18,2148657,1498,662662,633572,10,1296244,0,8900,1305144,60.74,60.75,59.9,55.56
Rajasthan,24,KOTA,2128,1073583,1015232,38,2088853,830,788227,699652,22,1487901,0,13058,1500959,71.86,73.42,68.92,57.89
Rajasthan,25,JHALAWAR-BARAN,2187,1042530,988418,26,2030974,449,760326,655210,16,1415552,0,6605,1422157,70.02,72.93,66.29,61.54
Sikkim,1,Sikkim,573,234871,231769,3,466643,2503,185305,184569,2,369876,0,18631,388507,83.26,78.9,79.63,66.67
Tamil Nadu,1,TIRUVALLUR (SC),2256,1024762,1061539,385,2086686,695,723717,706852,91,1430660,0,4470,1435130,68.78,70.62,66.59,23.64
Tamil Nadu,2,CHENNAI NORTH,1458,730606,765310,543,1496459,235,451315,447866,149,899330,0,3423,902753,60.33,61.77,58.52,27.44
Tamil Nadu,3,CHENNAI SOUTH,1939,1001058,1021859,464,2023381,248,552034,543797,95,1095926,0,4079,1100005,54.36,55.15,53.22,20.47
Tamil Nadu,4,CHENNAI CENTRAL,1303,667618,682261,455,1350334,173,370304,357463,135,727902,0,3808,731710,54.19,55.47,52.39,29.67
Tamil Nadu,5,SRIPERUMBUDUR,2437,1180639,1201510,429,2382578,459,730098,705229,54,1435381,0,6001,1441382,60.5,61.84,58.7,12.59
Tamil Nadu,6,KANCHEEPURAM (SC),1932,853765,895124,303,1749192,326,631953,621091,85,1253129,0,7550,1260679,72.07,74.02,69.39,28.05
Tamil Nadu,7,ARAKKONAM,1699,765517,802458,165,1568140,5269,573425,587094,54,1160573,0,9484,1170057,74.61,74.91,73.16,32.73
Tamil Nadu,8,VELLORE,1568,746170,787964,213,1534347,6074,549027,575323,102,1124452,0,7385,1131837,73.77,73.58,73.01,47.89
Tamil Nadu,9,KRISHNAGIRI,1888,818670,808876,305,1627851,4672,587007,573801,79,1160887,0,6564,1167451,71.72,71.7,70.94,25.9
Tamil Nadu,10,DHARMAPURI,1805,772770,753850,179,1526799,1903,624181,614525,91,1238797,0,10474,1249271,81.82,80.77,81.52,50.84
Tamil Nadu,11,TIRUVANNAMALAI,1722,758342,778530,121,1536993,3894,558720,578505,39,1137264,0,10964,1148228,74.71,73.68,74.31,32.23
Tamil Nadu,12,ARANI,1760,737854,761701,104,1499659,3541,558640,573638,39,1132317,0,8373,1140690,76.06,75.71,75.31,37.5
Tamil Nadu,13,VILUPPURAM (SC),1732,745174,758565,220,1503959,844,569327,581027,99,1150453,0,8999,1159452,77.09,76.4,76.6,45
Tamil Nadu,14,KALLAKURICHI,1803,773933,794936,228,1569097,416,598485,644014,63,1242562,0,8456,1251018,79.73,77.33,81.01,27.63
Tamil Nadu,15,SALEM,1766,828715,830332,222,1659269,588,655636,640883,105,1296624,0,10755,1307379,78.79,79.11,77.18,47.3
Tamil Nadu,16,NAMAKKAL,1661,708697,744097,158,1452952,390,553729,582310,77,1136116,0,11381,1147497,78.98,78.13,78.26,48.73
Tamil Nadu,17,ERODE,1688,745100,793676,184,1538960,182,531958,554361,87,1086406,0,7960,1094366,71.11,71.39,69.85,47.28
Tamil Nadu,18,TIRUPPUR,1745,791217,817248,255,1608720,199,567653,568695,95,1136443,0,7181,1143624,71.09,71.74,69.59,37.25
Tamil Nadu,19,NILGIRIS (SC),1619,688031,740765,93,1428889,502,497270,516309,37,1013616,0,6469,1020085,71.39,72.27,69.7,39.78
Tamil Nadu,20,COIMBATORE,2059,1041683,1064436,381,2106500,376,679438,687208,129,1366775,0,7352,1374127,65.23,65.23,64.56,33.86
Tamil Nadu,21,POLLACHI,1715,773655,823766,296,1597717,250,549379,573264,89,1122732,0,6090,1128822,70.65,71.01,69.59,30.07
Tamil Nadu,22,DINDIGUL,1812,781608,826798,218,1608624,1573,558409,584725,40,1143174,0,7271,1150445,71.52,71.44,70.72,18.35
Tamil Nadu,23,KARUR,1670,694423,735986,90,1430499,709,541202,584101,56,1125359,0,7710,1133069,79.21,77.94,79.36,62.22
Tamil Nadu,24,TIRUCHIRAPPALLI,1665,757729,796652,239,1554620,635,512147,535916,102,1048165,0,8678,1056843,67.98,67.59,67.27,42.68
Tamil Nadu,25,PERAMBALUR,1665,702222,744830,145,1447197,845,532391,587407,61,1119859,0,10517,1130376,78.11,75.82,78.86,42.07
Tamil Nadu,26,CUDDALORE,1509,693758,719197,215,1413170,424,497145,528359,93,1025597,0,11754,1037351,73.41,71.66,73.47,43.26
Tamil Nadu,27,CHIDAMBARAM (SC),1709,754747,766137,86,1520970,1123,556899,603778,27,1160704,0,9997,1170701,76.97,73.79,78.81,31.4
Tamil Nadu,28,MAYILADUTHURAI,1743,760422,785581,72,1546075,507,525584,557809,23,1083416,0,4748,1088164,70.38,69.12,71.01,31.94
Tamil Nadu,29,NAGAPATTINAM (SC),1551,658425,687201,82,1345708,588,464071,503953,25,968049,0,5724,973773,72.36,70.48,73.33,30.49
Tamil Nadu,30,THANJAVUR,1710,727958,773970,128,1502056,830,482072,542732,36,1024840,0,6454,1031294,68.66,66.22,70.12,28.13
Tamil Nadu,31,SIVAGANGA,1873,804038,831554,63,1635655,1798,482572,567650,10,1050232,0,6793,1057025,64.62,60.02,68.26,15.87
Tamil Nadu,32,MADURAI,1573,778091,804961,198,1583250,979,485976,495593,54,981623,0,6593,988216,62.42,62.46,61.57,27.27
Tamil Nadu,33,THENI,1788,804473,825636,219,1630328,7379,551577,581933,59,1133569,0,9590,1143159,70.12,68.56,70.48,26.94
Tamil Nadu,34,VIRUDHUNAGAR,1689,737123,768599,205,1505927,3985,513597,541051,56,1054704,0,10214,1064918,70.72,69.68,70.39,27.32
Tamil Nadu,35,RAMANATHAPURAM,1934,804347,815335,79,1619761,2073,510843,592247,20,1103110,0,8154,1111264,68.61,63.51,72.64,25.32
Tamil Nadu,36,THOOTHUKKUDI,1624,716085,744881,216,1461182,2752,472056,503325,87,975468,0,5566,981034,67.14,65.92,67.57,40.28
Tamil Nadu,37,TENKASI (SC),1743,750311,778604,215,1529130,3691,494430,537307,67,1031804,0,9132,1040936,68.07,65.9,69.01,31.16
Tamil Nadu,38,TIRUNELVELI,1810,809831,846283,151,1656265,1762,513537,547062,57,1060656,0,8580,1069236,64.56,63.41,64.64,37.75
Tamil Nadu,39,KANNIYAKUMARI,1698,785377,780528,143,1566048,8133,488891,530990,42,1019923,0,15816,1035739,66.14,62.25,68.03,29.37
Tripura,1,Tripura West,1686,739939,729458,56,1469453,5927,600459,591993,35,1192487,0,20287,1212774,82.53,81.15,81.16,62.5
Tripura,2,Tripura East (ST),1664,707112,694318,13,1401443,4682,567386,555034,4,1122424,0,13629,1136053,81.06,80.24,79.94,30.77
Uttar Pradesh,1,Saharanpur,1926,982473,875260,83,1857816,2506,665104,562059,12,1227175,0,3172,1230347,66.23,67.7,64.22,14.46
Uttar Pradesh,2,Kairana,1750,926748,800735,96,1727579,5147,589120,486403,14,1075537,0,4498,1080035,62.52,63.57,60.74,14.58
Uttar Pradesh,3,Muzaffarnagar,1698,974828,848746,143,1823717,6245,592311,482677,19,1075007,0,3908,1078915,59.16,60.76,56.87,13.29
Uttar Pradesh,4,Bijnor,1837,928215,814914,84,1743213,4906,553261,467609,7,1020877,0,3966,1024843,58.79,59.6,57.38,8.33
Uttar Pradesh,5,Nagina (SC),1788,874628,772622,60,1647310,2401,523848,475017,5,998870,0,2629,1001499,60.8,59.89,61.48,8.33
Uttar Pradesh,6,Moradabad,2133,1096271,966288,83,2062642,3064,696707,584100,12,1280819,0,2993,1283812,62.24,63.55,60.45,14.46
Uttar Pradesh,7,Rampur,1789,917367,815716,160,1733243,1407,531940,435335,17,967292,0,1499,968791,55.89,57.99,53.37,10.63
Uttar Pradesh,8,Sambhal,1995,1013828,885344,120,1899292,1090,648507,545609,19,1194135,0,1571,1195706,62.96,63.97,61.63,15.83
Uttar Pradesh,9,Amroha,1856,912369,808253,55,1720677,4036,592267,516365,3,1108635,0,2500,1111135,64.58,64.92,63.89,5.45
Uttar Pradesh,10,Meerut,2042,1080150,925379,140,2005669,5139,657046,522048,18,1179112,0,4344,1183456,59.01,60.83,56.41,12.86
Uttar Pradesh,11,Baghpat,1737,909204,755930,74,1665208,12062,527151,402018,8,929177,0,5567,934744,56.13,57.98,53.18,10.81
Uttar Pradesh,12,Ghaziabad,3092,1626489,1322054,177,2948720,3233,826524,642068,16,1468608,0,2132,1470740,49.88,50.82,48.57,9.04
Uttar Pradesh,13,Gautam Buddha Nagar,2717,1456806,1224557,119,2681482,6334,799309,635416,11,1434736,0,5324,1440060,53.7,54.87,51.89,9.24
Uttar Pradesh,14,Bulandshahr (SC),2011,983523,884409,49,1867981,8519,554954,494360,11,1049325,0,7032,1056357,56.55,56.43,55.9,22.45
Uttar Pradesh,15,Aligarh,2121,1067878,934878,112,2002868,5634,621163,515752,31,1136946,0,2476,1139422,56.89,58.17,55.17,27.68
Uttar Pradesh,16,Hathras (SC),2190,1046446,899644,48,1946138,8058,585840,493645,10,1079495,0,3951,1083446,55.67,55.98,54.87,20.83
Uttar Pradesh,17,Mathura,2128,1041684,897381,65,1939130,9580,539960,413557,5,953522,0,3941,957463,49.38,51.84,46.08,7.69
Uttar Pradesh,18,Agra (SC),2125,1121996,953720,105,2075821,3136,631070,488586,10,1119666,0,5710,1125376,54.21,56.25,51.23,9.52
Uttar Pradesh,19,Fatehpur Sikri,1935,980568,826695,51,1807314,8491,574200,454705,4,1028909,0,5729,1034638,57.25,58.56,55,7.84
Uttar Pradesh,20,Firozabad,2053,1016945,879014,93,1896052,5280,609973,496403,12,1106388,0,2347,1108735,58.48,59.98,56.47,12.9
Uttar Pradesh,21,Mainpuri,2098,970043,827969,39,1798051,7254,580786,470958,14,1051758,0,4434,1056192,58.74,59.87,56.88,35.9
Uttar Pradesh,22,Etah,1917,908929,794950,56,1703935,3411,539178,469347,8,1008533,0,3087,1011620,59.37,59.32,59.04,14.29
Uttar Pradesh,23,Badaun,2117,1076645,933547,112,2010304,1546,595182,496750,20,1091952,0,1598,1093550,54.4,55.28,53.21,17.86
Uttar Pradesh,24,Aonla,2026,1018787,874788,47,1893622,1909,597123,489601,9,1086733,0,3329,1090062,57.56,58.61,55.97,19.15
Uttar Pradesh,25,Bareilly,1959,1030757,895334,76,1926167,1733,611441,505420,15,1116876,0,3429,1120305,58.16,59.32,56.45,19.74
Uttar Pradesh,26,Pilibhit,1924,980734,853187,40,1833961,2262,633693,522269,5,1155967,0,5268,1161235,63.32,64.61,61.21,12.5
Uttar Pradesh,27,Shahjahanpur (SC),2481,1252608,1080385,150,2333143,1309,695118,548458,9,1243585,0,5162,1248747,53.52,55.49,50.77,6
Uttar Pradesh,28,Kheri,1848,992805,878377,42,1871224,1054,655108,554689,13,1209810,0,3733,1213543,64.85,65.99,63.15,30.95
Uttar Pradesh,29,Dhaurahra,1875,917737,802163,79,1719979,634,611152,498328,12,1109492,0,2576,1112068,64.66,66.59,62.12,15.19
Uttar Pradesh,30,Sitapur,2018,936435,823871,61,1760367,424,605640,495562,61,1101263,0,1462,1102725,62.64,64.68,60.15,100
Uttar Pradesh,31,Hardoi (SC),2085,1002277,909448,54,1911779,1294,593056,505827,9,1098892,0,3178,1102070,57.65,59.17,55.62,16.67
Uttar Pradesh,32,Misrikh (SC),2074,995481,884268,49,1879798,1603,575405,474137,9,1049551,0,3207,1052758,56,57.8,53.62,18.37
Uttar Pradesh,33,Unnao,2498,1247626,1097125,92,2344843,3103,693701,604860,9,1298570,0,4981,1303551,55.59,55.6,55.13,9.78
Uttar Pradesh,34,Mohanlalganj (SC),2262,1163143,1026653,70,2189866,2634,755975,619888,10,1375873,0,3485,1379358,62.99,64.99,60.38,14.29
Uttar Pradesh,35,Lucknow,1895,1149665,1024196,92,2173953,1782,621389,514344,22,1135755,0,4467,1140222,52.45,54.05,50.22,23.91
Uttar Pradesh,36,Rae Bareli,1867,935629,853066,36,1788731,4417,512992,523644,8,1036644,0,3307,1039951,58.14,54.83,61.38,22.22
Uttar Pradesh,37,Amethi,1923,945042,853589,84,1798715,2617,483495,493181,3,976679,0,4204,980883,54.53,51.16,57.78,3.57
Uttar Pradesh,38,Sultanpur,1991,967264,888289,49,1855602,3012,507220,522956,3,1030179,0,3952,1034131,55.73,52.44,58.87,6.12
Uttar Pradesh,39,Pratapgarh,1902,973291,863452,5,1836748,3436,466904,476399,1,943304,0,4082,947386,51.58,47.97,55.17,20
Uttar Pradesh,40,Farrukhabad,1922,944124,807816,45,1751985,4803,565161,466965,8,1032134,0,2910,1035044,59.08,59.86,57.81,17.78
Uttar Pradesh,41,Etawah (SC),2030,990084,844373,32,1834489,5991,559713,470902,6,1030621,0,3533,1034154,56.37,56.53,55.77,18.75
Uttar Pradesh,42,Kannauj,2307,1069348,924173,95,1993616,4691,656457,558606,18,1215081,0,3890,1218971,61.14,61.39,60.44,18.95
Uttar Pradesh,43,Kanpur,1607,887676,776996,122,1664794,1935,486307,395721,14,882042,0,5906,887948,53.34,54.78,50.93,11.48
Uttar Pradesh,44,Akbarpur,1958,1008315,867518,79,1875912,6745,601385,478412,21,1079818,0,8171,1087989,58,59.64,55.15,26.58
Uttar Pradesh,45,Jalaun (SC),2262,1079605,930872,106,2010583,4422,623144,503811,11,1126966,0,2242,1129208,56.16,57.72,54.12,10.38
Uttar Pradesh,46,Jhansi,2257,1138635,1023661,108,2162404,1183,745347,634091,26,1379464,0,1912,1381376,63.88,65.46,61.94,24.07
Uttar Pradesh,47,Hamirpur,1975,995945,845620,39,1841604,1843,604823,510175,15,1115013,0,1895,1116908,60.65,60.73,60.33,38.46
Uttar Pradesh,48,Banda,1894,944968,804025,41,1749034,1609,547212,496157,9,1043378,0,1523,1044901,59.74,57.91,61.71,21.95
Uttar Pradesh,49,Fatehpur,2143,1044232,898315,50,1942597,4034,578489,529242,10,1107741,0,1618,1109359,57.11,55.4,58.91,20
Uttar Pradesh,50,Kaushambi (SC),1996,1015692,896678,166,1912536,2916,510636,497285,6,1007927,0,2182,1010109,52.82,50.27,55.46,3.61
Uttar Pradesh,51,Phulpur,2068,1126265,945075,196,2071536,4493,553843,457779,5,1011627,0,3405,1015032,49,49.18,48.44,2.55
Uttar Pradesh,52,Allahabad,1813,990680,837241,238,1828159,2429,510137,435947,5,946089,0,2167,948256,51.87,51.49,52.07,2.1
Uttar Pradesh,53,Barabanki (SC),2138,1014928,904279,75,1919282,791,693513,594850,18,1288381,0,2582,1290963,67.26,68.33,65.78,24
Uttar Pradesh,54,Faizabad,2074,1008401,920916,82,1929399,1940,584095,555571,16,1139682,0,2007,1141689,59.17,57.92,60.33,19.51
Uttar Pradesh,55,Ambedkar Nagar,1966,998212,915511,33,1913756,2459,587381,589601,5,1176987,0,3021,1180008,61.66,58.84,64.4,15.15
Uttar Pradesh,56,Baharaich (SC),1885,969904,869325,52,1839281,597,548281,507889,9,1056179,0,414,1056593,57.45,56.53,58.42,17.31
Uttar Pradesh,57,Kaiserganj,2017,1010645,895325,62,1906032,1306,545142,515624,1,1060767,0,1538,1062305,55.73,53.94,57.59,1.61
Uttar Pradesh,58,Shrawasti,2104,1059012,921677,54,1980743,362,546446,499543,13,1046002,0,631,1046633,52.84,51.6,54.2,24.07
Uttar Pradesh,59,Gonda,1985,989112,854692,69,1843873,752,491158,460431,3,951592,0,1710,953302,51.7,49.66,53.87,4.35
Uttar Pradesh,60,Domariyaganj,2178,1045433,916631,141,1962205,360,492721,526870,5,1019596,0,2989,1022585,52.11,47.13,57.48,3.55
Uttar Pradesh,61,Basti,2151,1013751,890995,97,1904843,1945,539296,539161,11,1078468,0,6309,1084777,56.95,53.2,60.51,11.34
Uttar Pradesh,62,Sant Kabir Nagar,2214,1107305,968701,44,2076050,4086,531893,556856,1,1088750,0,3442,1092192,52.61,48.03,57.48,2.27
Uttar Pradesh,63,Maharajganj,2084,1058514,948475,76,2007065,3015,575078,633635,9,1208722,0,1782,1210504,60.31,54.33,66.81,11.84
Uttar Pradesh,64,Gorakhpur,2038,1128197,973375,174,2101746,4544,597330,554034,20,1151384,0,3590,1154974,54.95,52.95,56.92,11.49
Uttar Pradesh,65,Kushi Nagar,1832,987072,889794,96,1876962,1740,511471,568231,8,1079710,0,1000,1080710,57.58,51.82,63.86,8.33
Uttar Pradesh,66,Deoria,1894,994633,882485,109,1877227,3406,493288,547078,15,1040381,0,3359,1043740,55.6,49.59,61.99,13.76
Uttar Pradesh,67,Bansgaon (SC),1930,972958,852666,87,1825711,4857,449964,492240,5,942209,0,3651,945860,51.81,46.25,57.73,5.75
Uttar Pradesh,68,Lalganj (SC),1886,964019,877066,25,1841110,2228,479070,520363,1,999434,0,4718,1004152,54.54,49.7,59.33,4
Uttar Pradesh,69,Azamgarh,1915,992507,879396,43,1871946,3781,520964,527978,6,1048948,0,6166,1055114,56.36,52.49,60.04,13.95
Uttar Pradesh,70,Ghosi,2125,1110047,980515,75,2090637,6709,580999,566439,23,1147461,0,3281,1150742,55.04,52.34,57.77,30.67
Uttar Pradesh,71,Salempur,1872,952664,831681,67,1784412,7430,447973,465725,3,913701,0,3921,917622,51.42,47.02,56,4.48
Uttar Pradesh,72,Ballia,1996,1045689,891243,63,1936995,13350,520203,481764,1,1001968,0,5758,1007726,52.03,49.75,54.06,1.59
Uttar Pradesh,73,Jaunpur,1955,1027947,950966,91,1979004,1767,545616,553596,5,1099217,0,5659,1104876,55.83,53.08,58.21,5.49
Uttar Pradesh,74,Machhlishahr (SC),1944,1019559,924135,69,1943763,3158,523583,534822,1,1058406,0,3665,1062071,54.64,51.35,57.87,1.45
Uttar Pradesh,75,Ghazipur,2035,1104931,983680,25,2088636,13753,585180,565077,0,1150257,0,4581,1154838,55.29,52.96,57.45,0
Uttar Pradesh,76,Chandauli,1868,994784,855713,50,1850547,7351,605206,511269,7,1116482,0,3356,1119838,60.51,60.84,59.75,14
Uttar Pradesh,77,Varanasi,1909,1085928,913797,136,1999861,2283,636471,492018,14,1128503,0,3315,1131818,56.59,58.61,53.84,10.29
Uttar Pradesh,78,Bhadohi,2084,1079362,960408,171,2039941,2016,548519,533172,6,1081697,0,4045,1085742,53.22,50.82,55.52,3.51
Uttar Pradesh,79,Mirzapur,2143,1002577,906802,69,1909448,3121,579819,524075,6,1103900,0,1545,1105445,57.89,57.83,57.79,8.7
Uttar Pradesh,80,Robertsganj (SC),1932,943390,837307,31,1780728,1539,533979,476113,5,1010097,0,1495,1011592,56.81,56.6,56.86,16.13
West Bengal,1,Coochbehar (SC),2043,1018633,952077,33,1970743,3850,821530,794302,16,1615848,0,8786,1624634,82.44,80.65,83.43,48.48
West Bengal,2,Alipurduars (ST),1867,894029,884372,62,1778463,5211,699761,714813,23,1414597,0,7688,1422285,79.97,78.27,80.83,37.1
West Bengal,3,Jalpaiguri (SC),1904,962386,927441,13,1889840,3877,804457,773364,7,1577828,0,8060,1585888,83.92,83.59,83.39,53.85
West Bengal,4,Darjeeling,1999,895247,881610,41,1776898,11154,668192,651973,12,1320177,0,10827,1331004,74.91,74.64,73.95,29.27
West Bengal,5,Raiganj,1730,926140,865346,88,1791574,1329,676618,687342,36,1363996,0,5359,1369355,76.43,73.06,79.43,40.91
West Bengal,6,Balurghat,1569,800147,763713,81,1563941,1975,616675,618649,23,1235347,0,4669,1240016,79.29,77.07,81.01,28.4
West Bengal,7,Maldaha Uttar,1812,948348,915882,55,1864285,2250,673325,741378,6,1414709,0,4332,1419041,76.12,71,80.95,10.91
West Bengal,8,Maldaha Dakshin,1759,901703,882656,48,1784407,2248,641417,724796,9,1366222,0,5692,1371914,76.88,71.13,82.12,18.75
West Bengal,9,Jangipur,1851,919408,888125,23,1807556,2196,632057,734901,4,1366962,0,2947,1369909,75.79,68.75,82.75,17.39
West Bengal,10,Baharampur,1879,912975,876406,43,1789424,6346,667491,715195,14,1382700,0,4990,1387690,77.55,73.11,81.61,32.56
West Bengal,11,Murshidabad,1938,964587,925974,28,1890589,2492,742309,796899,8,1539216,0,2538,1541754,81.55,76.96,86.06,28.57
West Bengal,12,Krishnanagar,1841,913551,849022,26,1762599,6968,702679,713156,7,1415842,0,11139,1426981,80.96,76.92,84,26.92
West Bengal,13,Ranaghat (SC),1983,964987,912553,59,1877599,5941,764102,767871,23,1531996,0,10296,1542292,82.14,79.18,84.15,38.98
West Bengal,14,Bangaon (SC),1930,939596,901625,71,1841292,4918,747913,739944,35,1487892,0,5788,1493680,81.12,79.6,82.07,49.3
West Bengal,15,Barrackpur,1591,772280,739776,45,1512101,3373,590105,547694,20,1137819,0,4690,1142509,75.56,76.41,74.04,44.44
West Bengal,16,Dum dum,1792,839212,861625,45,1700882,1226,635056,619396,9,1254461,0,6380,1260841,74.13,75.67,71.89,20
West Bengal,17,Barasat,1991,960962,946577,65,1907604,2204,788383,739124,26,1527533,0,7029,1534562,80.44,82.04,78.08,40
West Bengal,18,Basirhat,1882,924922,880918,34,1805874,1613,789096,732040,11,1521147,0,4934,1526081,84.51,85.31,83.1,32.35
West Bengal,19,Jaynagar (SC),1879,942073,903203,87,1845363,583,764921,712430,17,1477368,0,6688,1484056,80.42,81.2,78.88,19.54
West Bengal,20,Mathurapur (SC),1898,934595,883485,33,1818113,1045,760261,730056,13,1490330,0,7351,1497681,82.38,81.35,82.63,39.39
West Bengal,21,Diamond harbour,1961,955389,926092,71,1881552,773,788006,736196,21,1524223,0,7064,1531287,81.38,82.48,79.49,29.58
West Bengal,22,Jadavpur,2120,1007441,1026690,120,2034251,726,793327,766100,32,1559459,0,9543,1569002,77.13,78.75,74.62,26.67
West Bengal,23,Kolkata Dakshin,2078,947832,902241,42,1850115,595,642406,596004,15,1238425,0,6115,1244540,67.27,67.78,66.06,35.71
West Bengal,24,Kolkata Uttar,1869,815601,690044,41,1505686,330,517109,438332,25,955466,0,3090,958556,63.66,63.4,63.52,60.98
West Bengal,25,Howrah,1895,911281,858653,39,1769973,789,668919,599926,9,1268854,0,3704,1272558,71.9,73.4,69.87,23.08
West Bengal,26,Uluberia,1863,886294,856037,57,1742388,950,703354,685946,19,1389319,0,4838,1394157,80.01,79.36,80.13,33.33
West Bengal,27,Sreerampur,2076,974254,953951,51,1928256,1611,746884,724935,19,1471838,0,5292,1477130,76.6,76.66,75.99,37.25
West Bengal,28,Hooghly,2048,927118,932921,64,1860103,2036,752136,759787,25,1511948,0,6124,1518072,81.61,81.13,81.44,39.06
West Bengal,29,Arambag (SC),2078,955074,929906,21,1885001,1735,775474,780181,6,1555661,0,5527,1561188,82.82,81.2,83.9,28.57
West Bengal,30,Tamluk,1928,950294,903031,38,1853363,2622,777933,790761,11,1568705,0,9822,1578527,85.17,81.86,87.57,28.95
West Bengal,31,Kanthi,1876,924754,872896,8,1797658,3121,757293,762099,0,1519392,0,12903,1532295,85.24,81.89,87.31,0
West Bengal,32,Ghatal,2095,987523,954773,17,1942313,2368,780417,813689,7,1594113,0,8167,1602280,82.49,79.03,85.22,41.18
West Bengal,33,Jhargram (ST),2018,892620,889796,19,1782435,2641,743663,741891,4,1485558,0,8143,1493701,83.8,83.31,83.38,21.05
West Bengal,34,Medinipur,1945,910174,903002,29,1813205,1962,734640,742717,17,1477374,0,8575,1485949,81.95,80.71,82.25,58.62
West Bengal,35,Purulia,1903,925984,899622,19,1825625,2505,720131,709139,3,1429273,0,6743,1436016,78.66,77.77,78.83,15.79
West Bengal,36,Bankura,1945,902130,883007,1,1785138,4558,725612,712194,0,1437806,0,12362,1450168,81.24,80.43,80.66,0
West Bengal,37,Bishnupur (SC),1890,892954,865525,2,1758481,4213,768883,738067,1,1506951,0,7684,1514635,86.13,86.11,85.27,50
West Bengal,38,Bardhaman Purba (SC),1942,915202,887989,49,1803240,1907,742041,750396,11,1492448,0,6490,1498938,83.12,81.08,84.51,22.45
West Bengal,39,Bardhaman-Durgapur,2039,931083,922228,25,1853336,1556,756574,738143,10,1494727,0,8103,1502830,81.09,81.26,80.04,40
West Bengal,40,Asansol,1901,904909,866928,38,1771875,1594,678682,618288,5,1296975,0,5451,1302426,73.51,75,71.32,13.16
West Bengal,41,Bolpur (SC),1979,933957,908212,23,1842192,2958,763039,757364,5,1520408,0,9489,1529897,83.05,81.7,83.39,21.74
West Bengal,42,Birbhum,1943,936367,923061,19,1859447,2425,759080,761964,4,1521048,0,7162,1528210,82.19,81.07,82.55,21.05
Chhattisgarh,1,SURGUJA (ST),2197,906410,914436,34,1820880,1533,729883,723594,17,1453494,0,2583,1456077,79.97,80.52,79.13,50
Chhattisgarh,2,RAIGARH (ST),2367,910278,930519,50,1840847,2300,717183,732501,24,1449708,0,3834,1453542,78.96,78.79,78.72,48
Chhattisgarh,3,JANJGIR-CHAMPA (SC),2219,1034274,1023959,27,2058260,2213,695289,693749,16,1389054,0,5899,1394953,67.77,67.22,67.75,59.26
Chhattisgarh,4,KORBA,2023,804659,815340,52,1620051,1187,611280,612740,12,1224032,0,2902,1226934,75.73,75.97,75.15,23.08
Chhattisgarh,5,BILASPUR,2251,1057148,1046690,99,2103937,1250,691721,669675,23,1361419,0,3707,1365126,64.88,65.43,63.98,23.23
Chhattisgarh,6,RAJNANDGAON,2330,930847,938374,8,1869229,1208,729271,716971,5,1446247,0,1641,1447888,77.46,78.34,76.41,62.5
Chhattisgarh,7,DURG,2259,1044025,1048472,54,2092551,2137,775642,764521,20,1540183,0,3678,1543861,73.78,74.29,72.92,37.04
Chhattisgarh,8,RAIPUR,2385,1187126,1188600,304,2376030,651,802653,784404,59,1587116,0,4895,1592011,67,67.61,65.99,19.41
Chhattisgarh,9,MAHASAMUND,2147,867846,895818,34,1763698,1221,657072,665050,12,1322134,0,4307,1326441,75.21,75.71,74.24,35.29
Chhattisgarh,10,BASTAR (ST),1961,701885,771873,52,1473810,1603,483145,522436,21,1005602,0,3321,1008923,68.46,68.84,67.68,40.38
Chhattisgarh,11,KANKER (ST),2090,813775,845581,18,1659374,4934,621453,639479,10,1260942,0,6609,1267551,76.39,76.37,75.63,55.56
Jharkhand,1,Rajmahal (ST),2020,852167,853531,10,1705708,1037,584123,622548,4,1206675,0,11945,1218620,71.44,68.55,72.94,40
Jharkhand,2,Dumka (ST),1891,800126,792060,6,1592192,1131,572058,603252,3,1175313,0,9838,1185151,74.44,71.5,76.16,50
Jharkhand,3,Godda,2347,1052544,977883,17,2030444,2290,682778,708853,11,1391642,0,11299,1402941,69.1,64.87,72.49,64.71
Jharkhand,4,Chatra,1899,864657,828039,2,1692698,2772,512868,563517,0,1076385,0,12911,1089296,64.35,59.31,68.05,0
Jharkhand,5,Kodarma,2552,1142511,1065311,23,2207845,2527,617159,745849,3,1363011,0,10080,1373091,62.19,54.02,70.01,13.04
Jharkhand,6,Giridih,2160,962472,904283,8,1866763,2103,624275,629265,7,1253547,0,11999,1265546,67.79,64.86,69.59,87.5
Jharkhand,7,Dhanbad,2539,1201348,1088926,80,2290354,5117,739654,678588,25,1418267,0,13690,1431957,62.52,61.57,62.32,31.25
Jharkhand,8,Ranchi,2377,1117341,1085118,69,2202528,5197,728930,707142,22,1436094,0,16102,1452196,65.93,65.24,65.17,31.88
Jharkhand,9,Jamshedpur,1887,939374,931881,133,1871388,2110,636273,628937,56,1265266,0,13970,1279236,68.36,67.73,67.49,42.11
Jharkhand,10,Singhbhum (ST),1715,713440,735998,33,1449471,1909,488828,514633,7,1003468,0,8291,1011759,69.8,68.52,69.92,21.21
Jharkhand,11,Khunti (ST),1705,653670,675749,4,1329423,3285,451128,476292,3,927423,0,12824,940247,70.73,69.01,70.48,75
Jharkhand,12,Lohardaga (ST),1748,720501,727720,4,1448225,6923,458485,499182,1,957668,0,13994,971662,67.09,63.63,68.6,25
Jharkhand,13,Palamu (SC),2427,1167828,1080253,1,2248082,5048,677291,696445,1,1373737,0,18298,1392035,61.92,58,64.47,100
Jharkhand,14,Hazaribagh,2254,1000509,942231,31,1942771,3397,611815,637260,18,1249093,0,16362,1265455,65.14,61.15,67.63,58.06
Uttarakhand,1,Tehri Garhwal,2462,828282,762182,62,1590526,12862,427268,420978,14,848260,0,18514,866774,54.5,51.58,55.23,22.58
Uttarakhand,2,Garhwal,2357,733724,670493,16,1404233,34845,337666,380057,8,717731,0,28479,746210,53.14,46.02,56.68,50
Uttarakhand,3,Almora (SC),2256,712648,655779,5,1368432,29105,304933,347966,2,652901,0,22113,675014,49.33,42.79,53.06,40
Uttarakhand,4,Nainital-Udhamsingh Nagar,2329,1057189,969194,55,2026438,10629,655771,603394,19,1259184,0,12482,1271666,62.75,62.03,62.26,34.55
Uttarakhand,5,Haridwar,2319,1076290,965023,159,2041472,5746,690361,603168,44,1293573,0,10944,1304517,63.9,64.14,62.5,27.67
Telangana,1,Adilabad (ST),2200,807060,845247,87,1652394,2219,599098,622388,35,1221521,0,16797,1238318,74.94,74.23,73.63,40.23
Telangana,2,Peddapalle (SC),1850,789125,808664,103,1597892,1462,540807,542627,33,1083467,0,13205,1096672,68.63,68.53,67.1,32.04
Telangana,3,Karimnagar,2194,878459,919607,102,1798168,1018,634663,668982,45,1303690,0,10884,1314574,73.11,72.25,72.75,44.12
Telangana,4,Nizamabad,1808,806832,898669,90,1705591,724,552505,673671,39,1226215,0,7780,1233995,72.35,68.48,74.96,43.33
Telangana,5,Zahirabad,1973,802858,839508,59,1642425,1015,608094,616917,16,1225027,0,11650,1236677,75.3,75.74,73.49,27.12
Telangana,6,Medak,2124,902595,925913,209,1828717,507,688854,683977,65,1372896,0,14315,1387211,75.86,76.32,73.87,31.1
Telangana,7,Malkajgiri,3228,1946386,1833525,542,3780453,857,995829,923240,134,1919203,0,19259,1938462,51.28,51.16,50.35,24.72
Telangana,8,Secunderabad,1810,1087006,1033414,130,2120550,149,537102,502572,32,1039706,0,8898,1048604,49.45,49.41,48.63,24.62
Telangana,9,Hyderabad,1944,1125479,1091630,196,2217305,211,562632,512302,27,1074961,0,6917,1081878,48.79,49.99,46.93,13.78
Telangana,10,Chevella,2877,1504909,1433868,280,2939057,687,853037,803647,43,1656727,0,19397,1676124,57.03,56.68,56.05,15.36
Telangana,11,Mahbubnagar,1937,833461,850206,42,1683709,1239,613044,605792,16,1218852,3,8708,1227560,72.91,73.55,71.25,38.1
Telangana,12,Nagarkurnool (SC),2057,865907,873364,39,1739310,1056,613006,594381,19,1207406,0,14280,1221686,70.24,70.79,68.06,48.72
Telangana,13,Nalgonda,2061,845548,880487,169,1726204,739,633596,643450,90,1277136,0,20129,1297265,75.15,74.93,73.08,53.25
Telangana,14,Bhongir,2141,899047,910115,79,1809241,656,702634,685904,41,1388579,0,13142,1401721,77.48,78.15,75.36,51.9
Telangana,15,Warangal (SC),1900,896395,928700,397,1825492,1026,626627,629460,85,1256172,0,13093,1269265,69.53,69.91,67.78,21.41
Telangana,16,Mahabubabad (ST),1809,749256,784496,106,1533858,1492,542304,558678,48,1101030,0,8504,1109534,72.34,72.38,71.21,45.28
Telangana,17,Khammam,1896,788043,843779,130,1631952,913,605969,635099,67,1241135,0,11151,1252286,76.74,76.9,75.27,51.54
Andaman & Nicobar Islands,1,Andaman & Nicobar Islands,412,164572,151169,4,315745,597,105614,96376,2,201992,0,605,202597,64.16,64.17,63.75,50
Chandigarh,1,Chandigarh,614,342176,318341,35,660552,747,234526,213995,27,448548,1,835,449383,68.03,68.54,67.22,77.14
Dadra & Nagar Haveli and Daman & Diu,1,Daman & Diu,145,67710,66491,0,134201,12,44779,47500,0,92279,0,169,92448,68.89,66.13,71.44,0
Dadra & Nagar Haveli and Daman & Diu,2,Dadar & Nagar Haveli (ST),314,148106,134929,0,283035,11,106270,98987,0,205257,0,368,205625,72.65,71.75,73.36,0
NCT OF Delhi,1,Chandni Chowk,1531,884174,762125,168,1646467,509,525080,438761,54,963895,0,2457,966352,58.69,59.39,57.57,32.14
NCT OF Delhi,2,North-East Delhi,2155,1327153,1137095,149,2464397,1238,842715,706348,56,1549119,0,4560,1553679,63.04,63.5,62.12,37.58
NCT OF Delhi,3,East Delhi,1864,1152084,969422,104,2121610,1026,683033,578799,55,1261887,0,2524,1264411,59.6,59.29,59.71,52.88
NCT OF Delhi,4,New Delhi,1489,831520,695096,78,1526694,1623,460308,384559,22,844889,0,2875,847764,55.53,55.36,55.32,28.21
NCT OF Delhi,5,North-West Delhi (SC),2455,1385389,1183623,262,2569274,1851,809077,676284,64,1485425,0,4897,1490322,58.01,58.4,57.14,24.43
NCT OF Delhi,6,West Delhi,2283,1374284,1218083,131,2592498,4521,811670,706359,46,1518075,0,6676,1524751,58.81,59.06,57.99,35.11
NCT OF Delhi,7,South Delhi,1864,1269141,1024221,336,2293698,1934,713974,579455,47,1293476,0,2830,1296306,56.52,56.26,56.58,13.99
Lakshadweep,1,Lakshadweep (ST),55,29445,28508,0,57953,169,24267,24363,0,48630,0,617,49247,84.98,82.41,85.46,0
Puducherry,1,PUDUCHERRY,967,480876,542997,151,1024024,325,377934,429685,105,807724,20,3708,811432,79.24,78.59,79.13,69.54
Jammu and Kashmir,1,BARAMULLA,2103,882449,862042,34,1744525,6660,547576,479502,6,1027084,0,7638,1034722,59.31,62.05,55.62,17.65
Jammu and Kashmir,2,SRINAGAR,2135,876909,871830,64,1748803,993,383261,289657,24,672942,0,3466,676408,38.68,43.71,33.22,37.5
Jammu and Kashmir,3,ANANTNAG-RAJOURI,2338,946443,903047,27,1849517,12941,540228,477286,6,1017520,0,8900,1026420,55.5,57.08,52.85,22.22
Jammu and Kashmir,4,UDHAMPUR,2637,862594,778239,13,1640846,17651,569850,538322,5,1108177,0,7314,1115491,67.98,66.06,69.17,38.46
Jammu and Kashmir,5,JAMMU,2416,958120,860509,28,1818657,37822,661017,625116,11,1286144,0,23681,1309825,72.02,68.99,72.64,39.29
Ladakh,1,Ladakh,578,98390,92186,0,190576,5768,65495,67119,0,132614,0,3048,135662,71.19,66.57,72.81,0
All India Total:,,,1051016,502437689,475479677,48194,977965560,1916559,329361948,312764269,13058,642139275,2958,4281594,646420869,66.1,65.55,65.78,27.09
,,,,,,,,,,,,,,,,,,,
,,,,,,,,,,,,,,,,,,,
,,,,,,,,,,,,,,,,,,,
Note -This report is based on election related data of 542 PCs only excluding data of PC-24:Surat due to unopposed election in the PC. Important Statistical Information of PC - Surat may be seen in Report2A:Highlights(Surat PC).,,,,,,,,,,,,,,,,,,,
,,,,,,,,,,,,,,,,,,,
Disclaimer,,,,,,,,,,,,,,,,,,,
These statistical reports are prepared only for academic and research purposes from the secondary data filled in the Index Cards. The primary data is in the statutory forms maintained by the concerned Returning Officers and the data kept in statutory forms is final.,,,,,,,,,,,,,,,,,,,
