PC1,SalePrice,SalePrice_log,Id
19.973958089264276,208500,12.24769911637256,1
19.347692774001526,181500,12.109016442313738,2
19.935886081905142,223500,12.317171167298682,3
19.84604336245979,140000,11.849404844423074,4
19.934643798348656,250000,12.429220196836383,5
19.73520300258209,143000,11.870606902224587,6
20.017676165058518,307000,12.634606283893019,7
19.276802577481863,200000,12.206077645517674,8
18.26358338779292,129900,11.774527900858468,9
18.447052212181468,118000,11.678448377988165,10
19.070372614745164,129500,11.771443882099637,11
20.054854441497618,345000,12.75130259456002,12
19.00497452515655,144000,11.87757552297847,13
20.069677936272413,279500,12.540761149388421,14
18.95185992751327,157000,11.964007453736912,15
19.67774401676956,132000,11.790564777297387,16
19.198590881725018,149000,11.91170829631447,17
19.041635689362945,90000,11.407576060361786,18
19.99485199085097,159000,11.976665770490767,19
18.903966609748938,139000,11.842236406331555,20
20.054592089654374,325300,12.692506186542177,21
18.227168079188203,139400,11.845109950883979,22
19.96747767046973,230000,12.345838935721968,23
19.332490156085747,129900,11.774527900858468,24
19.15056818980201,154000,11.944714374881176,25
20.09709662705786,256300,12.454107814022272,26
20.01091716734184,134800,11.811554895830454,27
20.118297980782554,306000,12.631343648903034,28
18.893463294161258,207500,12.242891437918386,29
17.965869719099956,68500,11.134603622683905,30
17.977976189004092,40000,10.596659732783579,31
19.095809317622788,149350,11.914054519303125,32
20.073012841227772,179900,12.100161978566867,33
18.94787925017982,165500,12.016732516077072,34
20.037308863244558,277500,12.533579815765737,35
20.026627769277226,309000,12.6410997921206,36
19.790867284332645,145000,11.884495917930655,37
18.82459071646099,153000,11.938199736300925,38
18.7849454520118,109000,11.599112335481124,39
-330.2960747953678,82000,11.314486721293981,40
19.08496233837174,160000,11.982935344196433,41
18.943829480279867,170000,12.04355959836804,42
19.50041306480029,144000,11.87757552297847,43
19.35705744203302,130250,11.777218637129327,44
18.93343181663527,141000,11.856522261533737,45
20.040701139581692,319900,12.675766851909591,46
19.99380538261497,239686,12.387089184491993,47
20.06821606959546,249700,12.428019481065613,48
-330.23127302929663,113000,11.635151947212842,49
19.08925013387371,127000,11.751950239425476,50
19.82827009985627,177000,12.083910661257521,51
19.531277073281604,114500,11.648338835562747,52
19.028374925903083,110000,11.608244735642321,53
19.500994396863835,385000,12.861001210669146,54
18.994126394481178,130000,11.775297421715827,55
19.070983025689294,180500,12.103491596905931,56
19.869630831401885,172500,12.058158312538197,57
20.000304070983635,196500,12.188422799337028,58
20.071788139553053,438780,12.991755706536901,59
19.248101518498753,124900,11.735276702486741,60
20.04288088943888,158000,11.970356641102999,61
18.332059178045775,101000,11.522885696764481,62
20.047536311921764,202500,12.218500103788143,63
19.646959114591343,140000,11.849404844423074,64
19.865330553533415,219500,12.299112067295642,65
20.02688412174267,317000,12.666660207428574,66
19.22452380867571,180000,12.100717685412471,67
19.983760057703925,226000,12.328294703023394,68
18.576592670975025,80000,11.289794413577894,69
18.805736738609145,225000,12.323860125621126,70
19.295453422841977,244000,12.404927602627597,71
19.5804518394922,129500,11.771443882099637,72
19.863235709772503,185000,12.128116509451258,73
19.645664393846147,144900,11.88380602959621,74
17.86439882478063,107400,11.58432477200052,75
19.220878684425724,91000,11.418625774449596,76
18.852105309486554,135750,11.818577604251555,77
18.661646197249414,127000,11.751950239425476,78
-330.19742761270595,136500,11.824087219587643,79
19.079830425638914,110000,11.608244735642321,80
19.16713491741549,193500,12.173037959397275,81
19.844727549588583,153500,11.941462360646149,82
20.09034963242001,245000,12.409017571151187,83
19.288823551437357,126500,11.748005492256807,84
19.7758936052028,168500,12.034696963475044,85
19.71409596448789,260000,12.468440756144114,86
20.02069342047942,174000,12.066816325306588,87
20.09692634718796,164500,12.010671928196443,88
-330.2302485052384,85000,11.350418300109132,89
-330.20484127769066,123600,11.724813914587886,90
18.634717451847038,109900,11.60733523953139,91
18.98888147175054,98600,11.498836682527127,92
18.02673553770337,163500,12.004574385508691,93
17.54109606006378,133900,11.804855999911272,94
19.8361680367801,204750,12.229549885708273,95
19.737955045540648,185000,12.128116509451258,96
19.89025776800266,214000,12.273735966890268,97
19.071082458695827,94750,11.459007676978688,98
17.98108321632105,83000,11.326607934898927,99
-330.2078141186302,128950,11.767187766223199,100
19.378871915320197,205000,12.230770136157428,101
19.55645203796609,178000,12.08954444723597,102
19.319871946830865,118964,11.68658461118553,103
20.1245833476309,198900,12.200562492481511,104
18.750699251034558,169500,12.040614105490253,105
19.99028787818815,250000,12.429220196836383,106
18.794889169449757,100000,11.51293546492023,107
18.661070321862738,115000,11.652696102959753,108
-330.2216039443795,115000,11.652696102959753,109
19.38406946722556,190000,12.154784614286667,110
18.814264994873295,136900,11.827013315851762,111
19.889881324757503,180000,12.100717685412471,112
20.10294859148625,383970,12.85832230788469,113
18.8207164121266,217000,12.28765724080691,114
18.609641709585787,259500,12.466515835145202,115
19.862334671046984,176000,12.07824495582233,116
18.997786905987855,139000,11.842236406331555,117
20.057577108718494,155000,11.951186847493476,118
19.701391300417107,320000,12.676079399771027,119
20.01457099658711,163990,12.0075668272517,120
19.179738296639712,180000,12.100717685412471,121
19.370266933666432,100000,11.51293546492023,122
18.912748120950198,136000,11.820417517632333,123
19.739754732071226,153900,11.944064817531656,124
19.416358799621193,181000,12.10625783509458,125
-330.2294845946279,84500,11.344518647594766,126
19.35158090153527,128000,11.759793355371237,127
-330.2185306166715,87000,11.373674891823535,128
19.099574191052263,155000,11.951186847493476,129
19.860297073621624,150000,11.918397239722838,130
19.119518019754324,226000,12.328294703023394,131
19.907395071984823,244000,12.404927602627597,132
19.294752890591376,150750,11.923384748066601,133
19.93400455856272,220000,12.301387370778713,134
19.150334064501344,180000,12.100717685412471,135
19.214388337717054,174000,12.066816325306588,136
19.120988592391633,143000,11.870606902224587,137
19.666087721764278,171000,12.049424683420915,138
19.90064362199329,230000,12.345838935721968,139
19.834224989800884,231500,12.352339472153524,140
-330.21016405422193,115000,11.652696102959753,141
20.03460102103831,260000,12.468440756144114,142
19.892095940019246,166000,12.019749091416921,143
19.893104688011647,204000,12.225880174775122,144
19.036918889261944,125000,11.736077016252437,145
19.978281866493724,130000,11.775297421715827,146
18.24884240279078,105000,11.561725152903833,147
19.930735866584403,222500,12.312686874960354,148
-330.19555282479325,141000,11.856522261533737,149
18.374333788984497,115000,11.652696102959753,150
19.311769892480953,122000,11.711784520403112,151
20.1018292809667,372402,12.827731880206521,152
19.229170907592177,190000,12.154784614286667,153
18.984577359892377,235000,12.367345048436391,154
18.06233453629811,125000,11.736077016252437,155
-330.22671282830277,79000,11.277215789596893,156
18.64212852199681,109500,11.603688960617083,157
20.132616462288,269500,12.504327379899443,158
20.010000022236795,254900,12.448630513463613,159
20.067969192796603,320000,12.676079399771027,160
19.531645341718438,162500,11.998439434579149,161
20.013320798640528,412500,12.929993908996359,162
20.033525543868773,220000,12.301387370778713,163
-330.2164112172473,103200,11.544433821905134,164
18.131298589801787,152000,11.931642378754141,165
-330.20705246942435,127500,11.755879486687116,166
18.864642706344128,190000,12.154784614286667,167
20.09809011764487,325624,12.693501691489768,168
19.996309523811174,183500,12.119975396053194,169
19.480103053878004,228000,12.337105293891872,170
19.673095824569444,128500,11.763691965388299,171
18.98519359607189,215000,12.278397958261774,172
19.60811084643488,239000,12.384223015005313,173
19.00137407393297,163000,12.001511614739405,174
19.585951394397235,184000,12.122696471358964,175
18.73780999217498,243000,12.400820837540556,176
19.64039491816564,211000,12.259618151783465,177
18.93156350547056,172500,12.058158312538197,178
20.161838069676932,501837,13.126032637428713,179
18.353674040207633,100000,11.51293546492023,180
19.891702320307626,177000,12.083910661257521,181
17.98905688493529,200100,12.206577518060588,182
18.80484184275419,120000,11.695255355062795,183
19.977990213557327,200000,12.206077645517674,184
19.558764898060204,127000,11.751950239425476,185
19.773832465673756,475000,13.07107218827772,186
19.675661905369214,173000,12.06105265381003,187
17.888698518636232,135000,11.813037464800539,188
19.40655246707564,153337,11.940399914116648,189
19.94559186019169,286000,12.563750586299374,190
18.31808354658731,315000,12.660331092405906,191
19.24361597456897,184000,12.122696471358964,192
19.89135371006374,192000,12.165255859329688,193
19.979555420218453,130000,11.775297421715827,194
19.624182365731908,127000,11.751950239425476,195
19.324921306032223,148500,11.908346971208951,196
20.107002294434484,311872,12.650351332641707,197
17.98624766911782,235000,12.367345048436391,198
-330.223116815077,104000,11.552155793461898,199
20.037224361113715,274900,12.524166311833152,200
19.964340427933106,140000,11.849404844423074,201
19.442533399296373,171500,12.052344376474922,202
18.072780714135437,112000,11.626263078808801,203
19.984508174496447,149000,11.91170829631447,204
18.650768181380936,110000,11.608244735642321,205
19.67767003472408,180500,12.103491596905931,206
19.004206080392702,143900,11.87688084212164,207
18.960125864936124,141000,11.856522261533737,208
19.639740329481405,277000,12.531776395271262,209
19.06193803303073,145000,11.884495917930655,210
-330.22501239191035,98000,11.49273296168228,211
20.11253207994298,186000,12.133507329024972,212
20.115670011702235,252678,12.439875187430008,213
19.803470345874864,156000,11.957617696467539,214
19.34973396219956,161750,11.993813394724253,215
18.88930676444461,134450,11.808955099378537,216
20.002952352626735,210000,12.25486757159303,217
18.459002185967922,107000,11.580593459194764,218
18.46955079144637,311500,12.649157827477366,219
20.011597186356617,167240,12.027191164883384,220
20.05276988106824,204900,12.230282214644559,221
19.95201941346097,200000,12.206077645517674,222
19.31788103623134,179900,12.100161978566867,223
19.638479104453307,97000,11.48247656671073,224
20.026488855430692,386250,12.864242696187505,225
19.64795334159388,112000,11.626263078808801,226
19.812487111036187,290000,12.577639650232573,227
19.551241053648102,106000,11.571203807011969,228
19.274576558480565,125000,11.736077016252437,229
20.01794905994863,192500,12.167856627501678,230
18.922969818707678,148000,11.904974309480183,231
19.81668043458266,403000,12.90669432231532,232
19.20430014936363,94500,11.456365695436427,233
19.32408010657479,128200,11.761354623750297,234
19.95159570536265,216500,12.285350445351659,235
19.178158295625142,89500,11.402005077384885,236
20.0032016222454,185500,12.130815551850676,237
19.746233017218476,194500,12.178192583415596,238
20.09785684503454,318000,12.669809806411457,239
18.687589200537584,113000,11.635151947212842,240
20.104818747477843,262500,12.47801017053037,241
-330.217933974781,110500,11.612779849672751,242
18.455853738079107,79000,11.277215789596893,243
19.41792362134201,120000,11.695255355062795,244
19.771768784882095,205000,12.230770136157428,245
19.639651241455784,241500,12.394628892852941,246
17.742841864200912,137000,11.827743504053695,247
18.82806705753803,140000,11.849404844423074,248
19.976012925111508,180000,12.100717685412471,249
18.94726201016827,277000,12.531776395271262,250
-330.21901738346634,76500,11.245059091624615,251
20.048625808411117,235000,12.367345048436391,252
19.994851143746438,173000,12.06105265381003,253
19.068429040437184,158000,11.970356641102999,254
18.88095278735325,145000,11.884495917930655,255
19.885085327250973,230000,12.345838935721968,256
19.975684422090588,207500,12.242891437918386,257
20.05729872266921,220000,12.301387370778713,258
19.937716521888063,231500,12.352339472153524,259
18.7724509779812,97000,11.48247656671073,260
19.698216103902656,176000,12.07824495582233,261
20.098548012484247,276000,12.52815976788113,262
19.3801629992821,151000,11.92504173829169,263
19.27283741547917,130000,11.775297421715827,264
19.05741575502182,73000,11.19822841866684,265
19.476714825074826,175500,12.075400019877522,266
19.831283361390742,185000,12.128116509451258,267
18.45195284007245,179500,12.097936057925594,268
19.106832126407294,120500,11.699413330633599,269
19.59360247091046,148000,11.904974309480183,270
20.07189873672578,266000,12.491255347155265,271
18.8479483235067,241500,12.394628892852941,272
19.905726290997443,290000,12.577639650232573,273
18.917105310603503,139000,11.842236406331555,274
19.460541325879,124500,11.732069026983156,275
19.396994131121776,205000,12.230770136157428,276
19.987341312242254,201000,12.211065162153215,277
18.747577926346334,141000,11.856522261533737,278
20.113840355663633,415298,12.936754021718041,279
19.377942468471282,192000,12.165255859329688,280
19.65935913546076,228500,12.339295865674435,281
20.042675630902366,185000,12.128116509451258,282
20.09034622226026,207500,12.242891437918386,283
20.11560050680414,244600,12.407383590534293,284
19.712623263826718,179200,12.09626335986454,285
20.02601904084824,164700,12.011886987792716,286
19.019001852310495,159000,11.976665770490767,287
-330.21359908266857,88000,11.385103457032141,288
19.18065023863509,122000,11.711784520403112,289
19.952696291801445,153575,11.941950837487406,290
20.062286749475952,233230,12.359784657728284,291
-330.2109569640197,135900,11.819681958463892,292
18.699136074576916,131000,11.782960235741939,293
19.369359920956825,235000,12.367345048436391,294
18.80748705886901,167000,12.025755079404917,295
19.519644926651797,142500,11.86710429621008,296
18.71440515760972,152000,11.931642378754141,297
19.848172805734443,239000,12.384223015005313,298
19.165611420555898,175000,12.07254696717504,299
18.724144889701485,158500,11.973516181427835,300
18.796699577314605,157000,11.964007453736912,301
19.87449360046885,267000,12.495007682693725,302
19.955303521079994,205000,12.230770136157428,303
19.305551760428564,149900,11.917730355182513,304
19.994011350519873,295000,12.59473402514672,305
20.025600344304046,305900,12.631016799175821,306
19.675874837454,225000,12.323860125621126,307
-330.2245052110879,89500,11.402005077384885,308
18.979698130930117,82500,11.320565693461432,309
20.012888958968706,360000,12.793862088206213,310
19.735502797475522,165600,12.017336559562407,311
18.66563945383719,132000,11.790564777297387,312
18.462252401161503,119900,11.694421681264394,313
19.129435977767805,375000,12.834683971615659,314
18.12567973190054,178000,12.08954444723597,315
19.99381395814831,188500,12.146858590895919,316
19.519852122538747,260000,12.468440756144114,317
20.07088084064368,270000,12.506180941677357,318
19.758579280782165,260000,12.468440756144114,319
19.45040633413858,187500,12.141539457711714,320
20.07673025298959,342643,12.74444728628135,321
20.02963018370157,354000,12.777055016970678,322
19.620085023182472,301000,12.614868865984631,323
18.826961977428276,126175,11.745433036677353,324
19.008494528161048,242000,12.396697137361691,325
18.483603992551444,87000,11.373674891823535,326
19.75001223724256,324000,12.688501881189456,327
18.96010144856666,145250,11.886218559372042,328
18.243210040809785,214500,12.276069679344003,329
17.974566428454334,78000,11.264476926102367,330
19.943967758571514,119000,11.686887175419702,331
18.90107730508149,139000,11.842236406331555,332
20.015530532417326,284000,12.556733038263905,333
20.001717031833422,207000,12.240478903153711,334
19.857736148269915,192000,12.165255859329688,335
19.11078448015629,228950,12.34126328584159,336
20.055885335794237,377426,12.841132451487937,337
19.960939863969777,214000,12.273735966890268,338
19.541209235381356,202500,12.218500103788143,339
18.91598191381197,155000,11.951186847493476,340
19.95633729751096,202900,12.220473454337986,341
18.695349030352027,82000,11.314486721293981,342
18.6119016237966,87500,11.37940550085183,343
20.04136536853375,266000,12.491255347155265,344
19.310106755471022,85000,11.350418300109132,345
18.453116715799055,140200,11.850832386224807,346
18.953301063157575,151500,11.928347504569842,347
18.975693776191545,157500,11.967187086434018,348
19.959981033128216,154000,11.944714374881176,349
20.08311547165768,437154,12.988043102265232,350
20.08915768332403,318061,12.670001611311875,351
19.58859908477626,190000,12.154784614286667,352
18.48901805785367,95000,11.461642696843066,353
19.995635618456,105900,11.570259974415547,354
18.472234354125796,140000,11.849404844423074,355
19.799368993922766,177500,12.086731521684555,356
19.71603078157691,173000,12.06105265381003,357
19.333143498446876,134000,11.80560254159177,358
18.905307389820674,130000,11.775297421715827,359
19.879398343230378,280000,12.54254845357358,360
19.39016759311331,156000,11.957617696467539,361
18.47341580486813,145000,11.884495917930655,362
19.882950841971276,198500,12.198549416880068,363
19.206509578139656,118000,11.678448377988165,364
19.350002416347174,190000,12.154784614286667,365
19.030899195013554,147000,11.898194668458823,366
19.05253462511739,159000,11.976665770490767,367
19.011983788617282,165000,12.013706813470414,368
18.81543060855302,132000,11.790564777297387,369
19.844811306695995,162000,11.995357787034976,370
19.901193850960986,172400,12.057578437658945,371
19.61162683725303,134432,11.808821212646512,372
19.50670052116115,125000,11.736077016252437,373
18.782948633023214,123000,11.719947764402807,374
19.97430736943851,219500,12.299112067295642,375
-330.22575997233577,61000,11.0186455364637,376
19.850164882609665,148000,11.904974309480183,377
20.01576030709119,340000,12.73670383776449,378
20.17338807690185,394432,12.885204569609956,379
19.902503080852014,179000,12.095146671399466,380
18.08574977430372,127000,11.751950239425476,381
20.047960291264687,187750,12.142871895843887,382
20.049922733355608,213500,12.271396795480596,383
18.698502038702596,76000,11.23850177707664,384
19.741137716731604,240000,12.388398368982115,385
19.997884089401012,192000,12.165255859329688,386
-330.21195777353165,81000,11.302216779257382,387
19.357685395508703,125000,11.736077016252437,388
19.89083831184717,191000,12.160033942617156,389
20.131683066034352,426000,12.962196972666593,390
19.36477478868896,119000,11.686887175419702,391
19.93143004394994,215000,12.278397958261774,392
18.840599946320722,106500,11.575909653758895,393
-330.2151890944006,100000,11.51293546492023,394
18.469730496632327,109000,11.599112335481124,395
18.864676832373057,129000,11.767575435251748,396
19.543426050395173,123000,11.719947764402807,397
19.00022336336566,169500,12.040614105490253,398
17.986277521885903,67000,11.112462823634855,399
20.064854436469226,241000,12.392556361841777,400
19.825317967255497,245500,12.411056299528171,401
20.023075057779998,164990,12.013646205940514,402
18.46948727499517,108000,11.58989576532275,403
19.87216887614612,258000,12.460718739865236,404
19.781571445303,168000,12.031725210748633,405
19.73850307777772,150000,11.918397239722838,406
18.374466372017338,115000,11.652696102959753,407
18.9446631843858,177000,12.083910661257521,408
20.075150543816033,280000,12.54254845357358,409
20.115375263059654,339750,12.73596827534975,410
18.904016757279834,60000,11.002116507732017,411
18.845160611986998,145000,11.884495917930655,412
20.121942801528984,222000,12.310437165348775,413
18.16216231045266,115000,11.652696102959753,414
19.76789443375472,228000,12.337105293891872,415
20.06908162249812,181134,12.106997888588934,416
19.382920177203378,149500,11.915058360753719,417
17.998977633479395,239000,12.384223015005313,418
18.470156527949236,126000,11.744045122410057,419
19.129835156652682,142000,11.863589378812122,420
19.850633767947425,206300,12.237091546357338,421
19.38181556239447,215000,12.278397958261774,422
18.82466259079022,113000,11.635151947212842,423
19.882774079408296,315000,12.660331092405906,424
18.864525947755496,139000,11.842236406331555,425
18.62767397851784,135000,11.813037464800539,426
19.663413367159215,275000,12.524530013005734,427
19.043109911006276,109008,11.599185726610004,428
20.070184929961112,195400,12.182809136284991,429
19.624730377313593,175000,12.07254696717504,430
19.17728485413358,85400,11.355113089309977,431
-330.21226995676926,79900,11.288543647320601,432
19.19886982909089,122500,11.715874472198905,433
19.835236981054624,181000,12.10625783509458,434
-330.23455021953635,81000,11.302216779257382,435
19.818806421709766,212000,12.264346270624157,436
19.63935967912604,116000,11.661354090741,437
18.125062381190155,119000,11.686887175419702,438
19.627907488919615,90350,11.411457364027745,439
20.004809304801892,110000,11.608244735642321,440
20.150956033600018,555000,13.22672519452875,441
-330.20090701002914,118000,11.678448377988165,442
18.247289822728174,162900,12.000897933306716,443
20.075555846366512,172500,12.058158312538197,444
19.76961559828357,210000,12.25486757159303,445
18.87611090716125,127500,11.755879486687116,446
19.133483004987976,190000,12.154784614286667,447
19.861341014889668,199900,12.20557752297723,448
18.399006970026466,119500,11.691080018519527,449
19.428454489685794,120000,11.695255355062795,450
18.281299847874013,110000,11.608244735642321,451
19.3430888143134,280000,12.54254845357358,452
19.813423331819724,204000,12.225880174775122,453
20.091299627828043,210000,12.25486757159303,454
19.341608800461827,188000,12.144202560946876,455
19.276640531902416,175500,12.075400019877522,456
17.891379983366026,98000,11.49273296168228,457
18.84682538861589,256000,12.45293662970407,458
18.120587597192866,161000,11.989165855127435,459
18.701107511969568,110000,11.608244735642321,460
20.113431745841847,263435,12.481565733211923,461
19.22036386928148,155000,11.951186847493476,462
19.054831745840307,62383,11.04106411122238,463
18.45678434177938,188700,12.147919030759663,464
-330.2056069255148,124000,11.728044909070785,465
19.9908755505035,178740,12.093693109638318,466
19.214348091364233,167000,12.025755079404917,467
18.532730239876773,146500,11.89478753335453,468
20.07206768994532,250000,12.429220196836383,469
19.74379235987402,187000,12.138869243416009,470
19.566688493005515,212000,12.264346270624157,471
19.381580639064577,190000,12.154784614286667,472
19.99775781674184,148000,11.904974309480183,473
20.0837739868472,440000,12.994532278619134,474
19.90736824348678,251000,12.433212202169729,475
19.808550635427014,132500,11.794345471549745,476
19.84566655047897,208900,12.249615734512616,477
20.084298335974694,380000,12.847929163278053,478
20.098883839974217,297000,12.601490784782536,479
19.773073543762198,89471,11.401681006153428,480
20.035589401780637,326000,12.694655727828803,481
20.0114357932547,374000,12.832013750189885,482
17.878883293956466,155000,11.951186847493476,483
19.84589494198171,164000,12.00762780434872,484
19.021086349367827,132500,11.794345471549745,485
18.712537153458474,147000,11.898194668458823,486
19.082255868353215,156000,11.957617696467539,487
19.238846336669123,175000,12.07254696717504,488
19.198338891095155,160000,11.982935344196433,489
19.156269164797102,86000,11.362114203075018,490
19.302558656040322,115000,11.652696102959753,491
18.49918166657568,133000,11.798111925972618,492
20.03894257665071,172785,12.059809113551397,493
19.053839077031196,155000,11.951186847493476,494
18.394833787312734,91300,11.421917019425596,495
-330.2296211697124,34900,10.460270761075149,496
19.741080503290192,430000,12.971542813248437,497
18.123823734491804,184000,12.122696471358964,498
19.11804360551169,130000,11.775297421715827,499
18.905134368534455,120000,11.695255355062795,500
19.23305923693948,113000,11.635151947212842,501
20.022214406205606,226700,12.331387247601905,502
19.07364517407685,140000,11.849404844423074,503
18.96035701196542,289000,12.574185427296195,504
19.280502659816964,147000,11.898194668458823,505
18.77087360525389,124500,11.732069026983156,506
19.749702394848608,215000,12.278397958261774,507
20.115506191298202,208300,12.246739428005663,508
18.1949379244277,161000,11.989165855127435,509
18.926326584755763,124500,11.732069026983156,510
18.761930316560985,164900,12.013100572810686,511
20.020406046248073,202665,12.2193145828011,512
19.057560124138956,129900,11.774527900858468,513
19.492418546077836,134000,11.80560254159177,514
18.117764195717005,96500,11.477308649967686,515
20.155576416340292,402861,12.90634935052389,516
19.250986608325565,158000,11.970356641102999,517
19.83817797990116,265000,12.487488878546145,518
19.85365255429743,211000,12.259618151783465,519
18.17111959308511,234000,12.36308066783498,520
-330.3022262802492,106250,11.573559498507079,521
18.892080023599327,150000,11.918397239722838,522
18.71549249789051,159000,11.976665770490767,523
20.132113318387415,184750,12.126764251515691,524
19.841747084714566,315750,12.662709207270272,525
20.021130642255226,176000,12.07824495582233,526
18.848092415353126,132000,11.790564777297387,527
20.12924209637666,446261,13.008661502470739,528
-330.2297383336705,86000,11.362114203075018,529
19.330950960993253,200624,12.209192772866418,530
19.63753363803182,175000,12.07254696717504,531
17.99083539906373,128000,11.759793355371237,532
19.032189167040336,107500,11.58525542883217,533
-330.31563934486155,39300,10.579005242826247,534
19.998333284755862,178000,12.08954444723597,535
-330.2180462459733,107500,11.58525542883217,536
19.858376991449994,188000,12.144202560946876,537
19.42812033583126,111250,11.619544188752133,538
19.147158381170705,158000,11.970356641102999,539
19.94337249390637,272000,12.513561021741964,540
20.08291209190357,315000,12.660331092405906,541
19.92326520503675,248000,12.421188057397055,542
19.88221403245818,213250,12.270225154674701,543
19.827798721545896,133000,11.798111925972618,544
20.04258514245133,179665,12.098854850641,545
19.64739610254011,229000,12.34148164933907,546
18.730713877255802,210000,12.25486757159303,547
19.588933292887944,129500,11.771443882099637,548
19.02823047610539,125000,11.736077016252437,549
19.98191048789528,263000,12.479913113434042,550
19.35957139197056,140000,11.849404844423074,551
18.871715105929745,112500,11.630717389475995,552
20.07713883860952,255500,12.450981602512561,553
19.85588729086349,108000,11.58989576532275,554
19.997123860074264,284000,12.556733038263905,555
18.031827011793254,113000,11.635151947212842,556
18.889139611551037,141000,11.856522261533737,557
19.72394131547398,108000,11.58989576532275,558
19.809952137944013,175000,12.07254696717504,559
19.971837873896174,234000,12.36308066783498,560
18.907400016000686,121500,11.707677772181546,561
19.32635185867906,170000,12.04355959836804,562
-330.2033674691796,108000,11.58989576532275,563
18.860544597657473,185000,12.128116509451258,564
19.733029058928643,268000,12.498745990829315,565
17.98726707157864,128000,11.759793355371237,566
20.04755750140491,325000,12.691583538230217,567
20.004616328312963,214000,12.273735966890268,568
19.5262017120005,316600,12.665397584983758,569
19.403467356955186,135960,11.820123358887447,570
19.602655616791687,142600,11.867805799560465,571
18.925306363335824,120000,11.695255355062795,572
20.120131727609063,224500,12.32163544049751,573
19.893057932537168,170000,12.04355959836804,574
19.199694421437467,139000,11.842236406331555,575
18.632414506845866,118500,11.682676678340282,576
18.190009511528608,145000,11.884495917930655,577
19.112070863652942,164500,12.010671928196443,578
20.05022195568592,146000,11.891368749982085,579
18.812829009812706,131500,11.78676973513378,580
18.983262686418474,181900,12.111217862017215,581
20.165987953272914,253293,12.442306148381938,582
-330.21121310328846,118500,11.682676678340282,583
19.64734542539388,325000,12.691583538230217,584
18.348081120859952,133000,11.798111925972618,585
20.05962253721082,369900,12.820990681250251,586
18.958094390116,130000,11.775297421715827,587
19.797959089042486,137000,11.827743504053695,588
19.166848093097425,143000,11.870606902224587,589
19.584999896544666,79500,11.283524879179666,590
19.993404714330516,185900,12.132969552931216,591
20.132677768363084,451950,13.02132904585825,592
19.541251488919208,138000,11.835016210489899,593
19.959357035406722,140000,11.849404844423074,594
19.441456930294823,110000,11.608244735642321,595
20.05529448696936,319000,12.672949516558306,596
18.227586257376988,114504,11.648373769145277,597
20.05364548540153,194201,12.176654133447505,598
19.37835018601122,217500,12.289958727201455,599
19.417251208747583,151000,11.92504173829169,600
19.993949470730826,275000,12.524530013005734,601
19.406029429932026,141000,11.856522261533737,602
19.726755193236198,220000,12.301387370778713,603
19.975328341436803,151000,11.92504173829169,604
19.964187989704545,221000,12.30592250537653,605
19.097562879136326,205000,12.230770136157428,606
19.902340320969067,152000,11.931642378754141,607
18.674450521291266,225000,12.323860125621126,608
18.36434824040814,359100,12.791358964949923,609
18.963185455577445,118500,11.682676678340282,610
19.93880309112341,313000,12.653961664405365,611
19.39201370660855,148000,11.904974309480183,612
19.943198577034515,261500,12.474193386571581,613
-330.19780326434886,147000,11.898194668458823,614
-330.2339329953859,75500,11.231901180182515,615
19.037134854213022,137500,11.83138646878959,616
19.94734449006426,183200,12.118339189722553,617
19.00217153233227,105500,11.566475710526321,618
20.1114042964323,314813,12.659737267217572,619
20.007882010412704,305000,12.628070334272698,620
-330.2268405151712,67000,11.112462823634855,621
19.31512080128219,240000,12.388398368982115,622
19.566104838106494,135000,11.813037464800539,623
19.891827707399685,168500,12.034696963475044,624
19.25614412305972,165150,12.014615485902027,625
19.017893551587157,160000,11.982935344196433,626
18.948245181069147,139900,11.848690308590857,627
18.83992142230117,153000,11.938199736300925,628
19.186843342001286,135000,11.813037464800539,629
19.069075314671135,168500,12.034696963475044,630
18.383550786266404,124000,11.728044909070785,631
20.049793346591354,209500,12.252483791602627,632
19.37536882645099,82500,11.320565693461432,633
18.814404562396522,139400,11.845109950883979,634
19.42047173672884,144000,11.87757552297847,635
-330.20574730202173,200000,12.206077645517674,636
-330.23842060976284,60000,11.002116507732017,637
18.800572233611266,93000,11.440365524765756,638
-330.2284304169237,85000,11.350418300109132,639
20.058634555261527,264561,12.485830907348902,640
19.99460951366003,274000,12.520887034998584,641
19.93519959457002,226000,12.328294703023394,642
19.279241665825964,345000,12.75130259456002,643
19.17602802419994,152000,11.931642378754141,644
20.138262193412334,370878,12.823631142839984,645
19.407471858281955,143250,11.872353615355413,646
18.639684715761746,98300,11.495789479023493,647
18.811410022665846,155000,11.951186847493476,648
19.093197496982498,155000,11.951186847493476,649
-330.2334126686965,84500,11.344518647594766,650
20.063141826229277,205950,12.235393555399902,651
18.47136138645544,108000,11.58989576532275,652
19.81422983041744,191000,12.160033942617156,653
17.645830263554085,135000,11.813037464800539,654
19.826926581088188,350000,12.765691290604371,655
19.18012849464055,88000,11.385103457032141,656
18.93183387180716,145500,11.8879382384223,657
18.256182868906052,149000,11.91170829631447,658
18.673690049048048,97500,11.487617913343598,659
19.159380290396356,167000,12.025755079404917,660
19.33910825927472,197900,12.19552218463499,661
19.804458379868056,402000,12.904209855160254,662
19.152304276603907,110000,11.608244735642321,663
19.288964082959495,137500,11.83138646878959,664
20.063736765627308,423000,12.955129822091815,665
19.919755458792373,230500,12.348010479804223,666
19.104342438115406,129000,11.767575435251748,667
19.77388348416902,193500,12.173037959397275,668
19.877870335923443,168000,12.031725210748633,669
18.03126485844421,137500,11.83138646878959,670
20.016678696486228,173500,12.063938642041201,671
18.231542975621437,103600,11.548302261270587,672
19.37231981109217,165000,12.013706813470414,673
18.92005530062376,257500,12.458778882573533,674
19.073774002138553,140000,11.849404844423074,675
19.36946762574359,148500,11.908346971208951,676
18.00968170263723,87000,11.373674891823535,677
18.080832065467757,109500,11.603688960617083,678
20.12640932637183,372500,12.827995001361906,679
19.031915665187597,128500,11.763691965388299,680
19.421132387995794,143000,11.870606902224587,681
19.121188867563667,159434,11.979391594635791,682
19.80634024979024,173000,12.06105265381003,683
19.979789134304063,285000,12.560247968016562,684
19.86254489199365,221000,12.30592250537653,685
19.54043572387039,207500,12.242891437918386,686
20.069849801634533,227875,12.336556900342153,687
19.98168769711527,148800,11.910365121788654,688
20.0770033745498,392000,12.879019669789754,689
20.024290446035135,194700,12.179220327453931,690
19.9846930255881,141000,11.856522261533737,691
19.821923376364015,755000,13.534474352733596,692
19.672469570385932,335000,12.721888795877375,693
19.124281322111695,108480,11.59433032142082,694
19.7700169166894,141500,11.860062063178267,695
19.60676970067992,176000,12.07824495582233,696
17.98873937586558,89000,11.39640288460621,697
18.769160892836922,123500,11.724004532183379,698
19.2617650920185,138500,11.83863282480007,699
19.99476496019411,196000,12.185875040240456,700
19.986398234683477,312500,12.652362948153474,701
19.180059380284703,140000,11.849404844423074,702
20.0752130028818,361919,12.799178471909892,703
19.860227602780505,140000,11.849404844423074,704
20.00771885079045,213000,12.269052139516223,705
-330.30323965127434,55000,10.915106645867503,706
19.260168336260314,302000,12.618185607609803,707
20.049544978681677,254000,12.445093483000798,708
20.065848373531626,179540,12.09815887308463,709
19.091824113640406,109900,11.60733523953139,710
-330.2297394925932,52000,10.859018228147887,711
19.02853859180896,102776,11.54031687156214,712
19.624584890149624,189000,12.149507585033072,713
19.192303972470548,129000,11.767575435251748,714
19.34158433829083,130500,11.779136168550774,715
19.300299605789167,165000,12.013706813470414,716
19.79695191878093,159500,11.979805470779858,717
19.272205879316637,157000,11.964007453736912,718
19.76699376747051,341000,12.739640688812674,719
19.16484138326092,128500,11.763691965388299,720
19.55878011035693,275000,12.524530013005734,721
19.982037781722234,143000,11.870606902224587,722
19.746149613465867,124500,11.732069026983156,723
18.91519810673008,135000,11.813037464800539,724
20.102199563493624,320000,12.676079399771027,725
19.640457834024723,120500,11.699413330633599,726
19.63664468894835,222000,12.310437165348775,727
20.071123546028026,194500,12.178192583415596,728
19.173813749568495,110000,11.608244735642321,729
18.978403754248177,103000,11.542493975902508,730
19.79356079477811,236500,12.373707715234994,731
19.97731184953066,187500,12.141539457711714,732
19.87131550893908,222500,12.312686874960354,733
18.977436415010914,131400,11.786008995353765,734
19.13791703566543,108000,11.58989576532275,735
17.870056598085363,163000,12.001511614739405,736
18.60955311964869,93500,11.445727410406752,737
20.037815076461136,239900,12.3879816172226,738
-330.2064472697185,179000,12.095146671399466,739
19.99785158699604,190000,12.154784614286667,740
17.742884247588385,132000,11.790564777297387,741
18.99767544599108,142000,11.863589378812122,742
19.907012080985027,179000,12.095146671399466,743
19.830846804058925,175000,12.07254696717504,744
19.734008382317715,180000,12.100717685412471,745
19.793128563995023,299800,12.61087420020211,746
19.911065646564012,236000,12.371591321286905,747
18.74964295720263,265979,12.491176396967154,748
19.81682947051381,260400,12.469978029554953,749
18.5011940301099,98000,11.49273296168228,750
-330.2173554430601,96500,11.477308649967686,751
19.964480730018817,162000,11.995357787034976,752
19.841862175349963,217000,12.28765724080691,753
20.046978050080213,275500,12.526346537332584,754
19.178113468748634,156000,11.957617696467539,755
19.860433598564626,172500,12.058158312538197,756
20.071748640371844,212000,12.264346270624157,757
19.385810606762693,158900,11.97603664577121,758
19.85725063782662,179400,12.097378802727306,759
19.82186811179818,290000,12.577639650232573,760
20.064130014221472,127500,11.755879486687116,761
19.07129383179428,100000,11.51293546492023,762
20.112251593452104,215200,12.279327754099118,763
19.914240689215784,337000,12.727841176689147,764
19.80369487377315,270000,12.506180941677357,765
20.107432883685483,264132,12.484208043148733,766
19.617633736063222,196500,12.188422799337028,767
19.628296042081214,160000,11.982935344196433,768
20.011079326256787,216837,12.28690580994122,769
20.026108342987385,538000,13.195615697878253,770
19.499430686657554,134900,11.812296455066814,771
18.731137464114866,102000,11.532737896139919,772
19.349950369313618,107000,11.580593459194764,773
18.899591089831603,114500,11.648338835562747,774
20.08197396646192,395000,12.886643575525625,775
19.846205317277022,162000,11.995357787034976,776
20.046745106830897,221500,12.308182383129823,777
19.290832680683017,142500,11.86710429621008,778
19.28502557652647,144000,11.87757552297847,779
19.354619884678048,135000,11.813037464800539,780
19.786506222718707,176000,12.07824495582233,781
19.71526696839203,175900,12.077676615757813,782
19.93613655305457,187100,12.139403856983334,783
19.39046650028315,165500,12.016732516077072,784
-330.2206211405209,128000,11.759793355371237,785
19.145835808716157,161500,11.992266613576142,786
18.952195604245865,139000,11.842236406331555,787
20.002939493174722,233000,12.358798024384122,788
18.79704145806859,107900,11.588969419043872,789
19.111788163221718,187500,12.141539457711714,790
20.0112438055136,160200,11.984184555794167,791
19.347224738559735,146800,11.896833207128452,792
19.843228371633554,269790,12.505402864156405,793
20.075625098740087,225000,12.323860125621126,794
19.765718694869573,194500,12.178192583415596,795
19.43938420288683,171000,12.049424683420915,796
19.3621287527162,143500,11.874097282798648,797
18.77403907140797,110000,11.608244735642321,798
20.159391878591297,485000,13.091906231773164,799
18.44727063990757,175000,12.07254696717504,800
19.824747507731672,200000,12.206077645517674,801
18.879134508983885,109900,11.60733523953139,802
20.016466783404795,189000,12.149507585033072,803
20.16961124859305,582933,13.275829251377,804
18.804511153559346,118000,11.678448377988165,805
20.10054787941857,227680,12.335700805443338,806
19.125098215204268,135500,11.816734299348461,807
18.098958855940545,223500,12.317171167298682,808
19.113880472673696,159950,11.982622797311857,809
17.768643222211747,106000,11.571203807011969,810
19.29968372495787,181000,12.10625783509458,811
19.98565372026681,144500,11.881041706925902,812
18.75972763275709,55993,10.932999821119937,813
18.90022014087912,157900,11.969723533345908,814
18.814259207652437,116000,11.661354090741,815
19.865359797967074,224900,12.323415584358154,816
18.799874190733608,137000,11.827743504053695,817
19.982532182336787,271000,12.509877789891931,818
19.21932157242439,155000,11.951186847493476,819
20.137224270668025,224000,12.319405795112926,820
19.972528292370516,183000,12.117246896289503,821
19.26330751573554,93000,11.440365524765756,822
19.977667435595432,225000,12.323860125621126,823
18.47882541955938,139500,11.845827048676645,824
20.06002855523321,232600,12.357079818283598,825
20.12189389173844,385000,12.861001210669146,826
-330.2349860433205,109500,11.603688960617083,827
19.935918951440748,189000,12.149507585033072,828
19.149579005313743,185000,12.128116509451258,829
19.99029697092898,147400,11.900912042974875,830
18.906870510437756,166000,12.019749091416921,831
19.991040552561717,151000,11.92504173829169,832
19.97897999294718,237000,12.37581963951765,833
19.07634164811452,167000,12.025755079404917,834
18.98489258147464,139950,11.849047640327147,835
19.799472439833366,128000,11.759793355371237,836
18.682300874899926,153500,11.941462360646149,837
19.225388537174787,100000,11.51293546492023,838
19.868306474273872,144000,11.87757552297847,839
18.6154239052062,130500,11.779136168550774,840
18.321741338740534,140000,11.849404844423074,841
19.496198282006954,157500,11.967187086434018,842
19.115133776960707,174900,12.071975378543236,843
-330.1987145666934,141000,11.856522261533737,844
18.70649035217696,153900,11.944064817531656,845
19.32462779927975,171000,12.049424683420915,846
19.734822682380297,213000,12.269052139516223,847
19.230406909566224,133500,11.80186424743109,848
17.741105177016895,240000,12.388398368982115,849
19.345759369231814,187000,12.138869243416009,850
19.955640381419617,131500,11.78676973513378,851
19.970982817699063,215000,12.278397958261774,852
18.508552169452177,164000,12.00762780434872,853
19.068723010297454,158000,11.970356641102999,854
18.876323440273403,170000,12.04355959836804,855
18.996801655998887,127000,11.751950239425476,856
19.44926582953858,147000,11.898194668458823,857
19.753668197449205,174000,12.066816325306588,858
19.345894179964517,152000,11.931642378754141,859
19.1753835950317,250000,12.429220196836383,860
18.123981511005674,189950,12.154521423145216,861
19.081791937207438,131500,11.78676973513378,862
19.577399609559816,152000,11.931642378754141,863
18.930619431887283,132500,11.794345471549745,864
20.09398048011398,250580,12.43153750053306,865
19.272767141887226,148500,11.908346971208951,866
20.095394082767037,248900,12.424810506025395,867
18.981090619526075,129000,11.767575435251748,868
19.33163569435947,169000,12.037659911047468,869
19.75375331698428,236000,12.371591321286905,870
18.992880044851397,109500,11.603688960617083,871
19.855247829257614,200500,12.208574513247495,872
18.766892913713775,116000,11.661354090741,873
18.685606817266383,133000,11.798111925972618,874
18.487927890716914,66500,11.104972264124868,875
20.082275645003893,303477,12.623064399210183,876
19.042403573002463,132250,11.792456911128632,877
20.028142830119602,350000,12.765691290604371,878
19.598028129618996,148000,11.904974309480183,879
19.370801536960997,136500,11.824087219587643,880
20.009878527259804,157000,11.964007453736912,881
19.675545896830393,187500,12.141539457711714,882
19.736636870384718,178000,12.08954444723597,883
19.804992799710845,118500,11.682676678340282,884
19.108634782280145,100000,11.51293546492023,885
19.888806880675055,328900,12.70351207261035,886
20.016759921991643,145000,11.884495917930655,887
18.841596835838846,135500,11.816734299348461,888
19.245938407184788,268000,12.498745990829315,889
18.812023821488992,149500,11.915058360753719,890
19.95551055042164,122900,11.719134432217524,891
19.396493651278874,172500,12.058158312538197,892
19.023514254834083,154500,11.947955847790901,893
18.823952341038453,165000,12.013706813470414,894
19.319968319683188,118858,11.685693195625964,895
19.036764988822156,140000,11.849404844423074,896
18.376613264643368,106500,11.575909653758895,897
19.327190190721975,142953,11.870278179170796,898
20.15885092395052,611657,13.323928581764989,899
18.973531120460727,135000,11.813037464800539,900
19.396785328823334,110000,11.608244735642321,901
19.15021310582692,153000,11.938199736300925,902
19.97066999193304,180000,12.100717685412471,903
20.06575902751441,240000,12.388398368982115,904
19.109357201423187,125500,11.74006900564972,905
18.804629882267033,128000,11.759793355371237,906
20.07583228424168,255000,12.449022745701502,907
18.40006469585173,250000,12.429220196836383,908
19.504109364345688,131000,11.782960235741939,909
20.022047535403445,174000,12.066816325306588,910
18.96688195384707,154300,11.946660519211651,911
19.379925102952964,143500,11.874097282798648,912
18.10815082207491,88000,11.385103457032141,913
18.71313476100017,145000,11.884495917930655,914
20.094438337476834,173733,12.065280672855897,915
19.155999513393937,75000,11.225256725762893,916
18.88006453153708,35311,10.471978128496518,917
18.85636615126309,135000,11.813037464800539,918
19.721023521541742,238000,12.380030154325457,919
19.69214087590192,176500,12.081081821061819,920
19.76559713972136,201000,12.211065162153215,921
-330.2030219581125,145900,11.890683588496984,922
20.02318174980747,169990,12.043500773454495,923
19.753353568237447,193000,12.170450649220749,924
19.45016307697988,207500,12.242891437918386,925
19.37837360210116,175000,12.07254696717504,926
20.0014798409458,285000,12.560247968016562,927
19.1580378408555,176000,12.07824495582233,928
19.94609880506507,236500,12.373707715234994,929
19.843617261389,222000,12.310437165348775,930
20.083454751344327,201000,12.211065162153215,931
19.073643032147128,117500,11.674202123168433,932
20.081234062420492,320000,12.676079399771027,933
20.006054810240975,190000,12.154784614286667,934
18.98934685672988,242000,12.396697137361691,935
18.77371453748407,79900,11.288543647320601,936
19.97649710640424,184900,12.127575825689417,937
20.0334387149259,253000,12.441148720271016,938
20.065076832500086,239799,12.387560521575551,939
18.485492441071393,244400,12.406565597924235,940
19.35327854937704,150900,11.924379271639218,941
19.88431501462447,214000,12.273735966890268,942
-330.2067510571605,150000,11.918397239722838,943
19.140111050612198,143000,11.870606902224587,944
18.937150508500775,137500,11.83138646878959,945
19.0103792052981,124900,11.735276702486741,946
18.947738637153076,143000,11.870606902224587,947
19.983498348091125,270000,12.506180941677357,948
19.954577231187056,192500,12.167856627501678,949
19.25662825200248,197500,12.193498926601634,950
19.43597395783867,129000,11.767575435251748,951
19.389102810645223,119900,11.694421681264394,952
19.27560864449197,133900,11.804855999911272,953
19.184160064803056,172000,12.055255569732177,954
-330.21145519129954,127500,11.755879486687116,955
18.631968129564406,145000,11.884495917930655,956
19.40593535776261,124000,11.728044909070785,957
19.36011360693464,132000,11.790564777297387,958
19.97778977167215,185000,12.128116509451258,959
19.86254205429083,155000,11.951186847493476,960
-330.21285694834,116500,11.665655135642039,961
19.383833155307617,272000,12.513561021741964,962
19.326479320349787,155000,11.951186847493476,963
20.090026255893665,239000,12.384223015005313,964
19.95602613317252,214900,12.277932735946903,965
20.016861853986057,178900,12.094587859196112,966
18.48366216924931,160000,11.982935344196433,967
18.83140616099282,135000,11.813037464800539,968
-330.2246196981824,37900,10.542732775946709,969
18.899175499321505,140000,11.849404844423074,970
-330.2142696581151,135000,11.813037464800539,971
19.958397802684505,173000,12.06105265381003,972
19.393070060424122,99500,11.507922973347437,973
20.071178149803377,182000,12.111767460549332,974
19.82827971211727,167500,12.02874460037869,975
19.889371533959626,165000,12.013706813470414,976
-330.2240923665394,85500,11.356283350762888,977
20.057708922775415,199900,12.20557752297723,978
19.858497820820272,110000,11.608244735642321,979
19.033304955535503,139000,11.842236406331555,980
18.997045628183788,178400,12.091789104493502,981
19.884731127063805,336000,12.724869415131389,982
20.06106866964764,159895,11.982278882874377,983
19.966891823373754,255900,12.45254592991672,984
19.28054417080778,126000,11.744045122410057,985
18.71011574900336,125000,11.736077016252437,986
18.70543026429544,117000,11.669937760751914,987
20.169224965131434,395192,12.887129532148373,988
19.348988345342242,195000,12.180759965737863,989
20.04165228274023,197000,12.190964083849375,990
19.86304051034067,348000,12.759960632315702,991
18.14456861305165,168000,12.031725210748633,992
19.071212172860587,187000,12.138869243416009,993
20.014923618671435,173900,12.066241450757124,994
20.12941178536026,337500,12.729323752253295,995
18.614201888809312,121600,11.7085004721646,996
18.975480866776177,136500,11.824087219587643,997
19.21223338668864,185000,12.128116509451258,998
18.034425047245914,91000,11.418625774449596,999
20.04750391363449,206000,12.235636302128867,1000
18.77929066228748,82000,11.314486721293981,1001
17.97635781597167,86000,11.362114203075018,1002
20.070923227109326,232000,12.354496960983985,1003
19.34592822160109,136905,11.827049837927534,1004
20.016653504333583,181000,12.10625783509458,1005
19.35351797613017,149900,11.917730355182513,1006
19.215225147400016,163500,12.004574385508691,1007
19.15730697673234,88000,11.385103457032141,1008
20.0185775510013,240000,12.388398368982115,1009
-330.2266402169212,102000,11.532737896139919,1010
18.663700081962,135000,11.813037464800539,1011
-330.28590768663156,100000,11.51293546492023,1012
18.069246664617275,165000,12.013706813470414,1013
18.848753790898613,85000,11.350418300109132,1014
18.6702663163736,119200,11.688566422839942,1015
19.927516944022724,227000,12.33270970174018,1016
19.825698399572367,203000,12.220966184120165,1017
19.53373850093046,187500,12.141539457711714,1018
19.687762060588696,160000,11.982935344196433,1019
20.018366064388267,213490,12.271349956195543,1020
20.01043353311592,176000,12.07824495582233,1021
20.04893846326715,194000,12.175618592671356,1022
18.857652231200905,87000,11.373674891823535,1023
20.016558174285343,191000,12.160033942617156,1024
19.362852458012718,287000,12.567240979056246,1025
19.428602708197577,112500,11.630717389475995,1026
18.97253095637235,167500,12.02874460037869,1027
20.115450586009267,293077,12.588194064175278,1028
18.503449156445413,105000,11.561725152903833,1029
19.209270054648172,118000,11.678448377988165,1030
-330.21970009105837,160000,11.982935344196433,1031
19.210093726716398,197000,12.190964083849375,1032
19.772446473202667,310000,12.644330802262578,1033
19.973026197768117,230000,12.345838935721968,1034
18.41912317293704,119750,11.693169865968983,1035
18.793326742609775,84000,11.338583982516495,1036
20.128249121250615,315500,12.66191713053049,1037
19.951851929941398,287000,12.567240979056246,1038
-330.23074754646046,97000,11.48247656671073,1039
19.153172105459085,80000,11.289794413577894,1040
18.909026032446373,155000,11.951186847493476,1041
19.113037342771207,173000,12.06105265381003,1042
20.021666138716167,196000,12.185875040240456,1043
19.691029500404376,262280,12.47717172708952,1044
19.48849175069106,278000,12.535379989788607,1045
18.766804204977092,139600,11.846543632608535,1046
20.065307764099934,556581,13.229569788348705,1047
19.80461214477777,145000,11.884495917930655,1048
18.891347808097727,115000,11.652696102959753,1049
18.53663919778301,84900,11.349241150793087,1050
20.06800154977407,176485,12.080996832096167,1051
20.07388215161202,200141,12.206782393599413,1052
19.065065024174217,165000,12.013706813470414,1053
18.893598523502366,144500,11.881041706925902,1054
19.964051054256505,255000,12.449022745701502,1055
19.3558100081286,180000,12.100717685412471,1056
20.023872232232826,185850,12.13270055639427,1057
19.777190998945187,248000,12.421188057397055,1058
20.12276523431907,335000,12.721888795877375,1059
19.355448504727498,220000,12.301387370778713,1060
19.916719197389998,213500,12.271396795480596,1061
19.770330028370644,81000,11.302216779257382,1062
18.60868336561184,90000,11.407576060361786,1063
19.33326697068906,110500,11.612779849672751,1064
19.113415045273477,154000,11.944714374881176,1065
19.82367124390602,328000,12.700771936142122,1066
19.735069774064414,178000,12.08954444723597,1067
19.063610254237933,167900,12.031129798974042,1068
19.26795155434705,151400,11.927687224983487,1069
19.54210062402733,135000,11.813037464800539,1070
18.86504736340173,135000,11.813037464800539,1071
19.148489587216314,154000,11.944714374881176,1072
18.80190374289636,91500,11.424105180165641,1073
19.356669381339138,159500,11.979805470779858,1074
20.059103636271136,194000,12.175618592671356,1075
18.483050963234934,219500,12.299112067295642,1076
18.727086347621196,170000,12.04355959836804,1077
19.173457168806635,138800,11.840796531639839,1078
19.980462888393735,155900,11.956976469393481,1079
19.791323943803864,126000,11.744045122410057,1080
19.233254999804664,145000,11.884495917930655,1081
19.007732502642774,133000,11.798111925972618,1082
19.959430841778566,192000,12.165255859329688,1083
19.05957429189138,160000,11.982935344196433,1084
19.78079010173041,187500,12.141539457711714,1085
19.716055796614924,147000,11.898194668458823,1086
19.22698880547412,83500,11.332613886815139,1087
20.049035032265675,252000,12.437188334739655,1088
19.97951287985027,137500,11.83138646878959,1089
20.01264608258784,197000,12.190964083849375,1090
19.497546423309508,92900,11.439289689006644,1091
19.85668994392528,160000,11.982935344196433,1092
18.13127197787765,136500,11.824087219587643,1093
19.374459772310292,146000,11.891368749982085,1094
18.855798195630943,129000,11.767575435251748,1095
20.045717941245414,176432,12.080696479888447,1096
-330.219696027557,127000,11.751950239425476,1097
19.584347729182813,170000,12.04355959836804,1098
18.36010063080492,128000,11.759793355371237,1099
19.396758880686193,157000,11.964007453736912,1100
18.20316911356549,60000,11.002116507732017,1101
19.442073989290463,119500,11.691080018519527,1102
18.949149275275595,135000,11.813037464800539,1103
18.806495455027893,159500,11.979805470779858,1104
19.170872300075146,106000,11.571203807011969,1105
19.793925244482278,325000,12.691583538230217,1106
19.687421756718024,179900,12.100161978566867,1107
20.056686327371835,274725,12.52352951631214,1108
19.90163989045805,181000,12.10625783509458,1109
20.032076527783474,280000,12.54254845357358,1110
19.783713276460176,188000,12.144202560946876,1111
19.347797179089522,205000,12.230770136157428,1112
18.872286535204253,129900,11.774527900858468,1113
18.78489656601851,134500,11.80932691294063,1114
18.82953904133768,117000,11.669937760751914,1115
20.103144455049193,318000,12.669809806411457,1116
19.94495439665059,184100,12.123239799036943,1117
19.12214933284059,130000,11.775297421715827,1118
18.90247106610512,140000,11.849404844423074,1119
18.91359469685725,133700,11.803361242493628,1120
17.988076212220868,118400,11.681832447342321,1121
20.043192291685365,212900,12.268582547911404,1122
18.853337498364418,112000,11.626263078808801,1123
-330.21348641870316,118000,11.678448377988165,1124
19.70922747708868,163900,12.007017865994577,1125
19.356230687836185,115000,11.652696102959753,1126
20.07669421367442,174000,12.066816325306588,1127
20.02455712640504,259000,12.464587201678082,1128
20.000293571225157,215000,12.278397958261774,1129
19.42175502218836,140000,11.849404844423074,1130
19.46151197813865,135000,11.813037464800539,1131
-330.201601756705,93500,11.445727410406752,1132
18.238490947542875,117500,11.674202123168433,1133
19.797889069729273,239500,12.386312871189734,1134
19.832425227098035,169000,12.037659911047468,1135
18.136713100854582,102000,11.532737896139919,1136
18.70694707997067,119000,11.686887175419702,1137
-330.22649861205196,94000,11.451060699493427,1138
19.375571501156625,196000,12.185875040240456,1139
19.23685952229561,144000,11.87757552297847,1140
19.61477716284633,139000,11.842236406331555,1141
19.3463488870338,197500,12.193498926601634,1142
20.083166980236822,424870,12.959540872420414,1143
-330.2078612819189,80000,11.289794413577894,1144
18.48973596847944,80000,11.289794413577894,1145
18.186962833283587,149000,11.91170829631447,1146
19.55559626726148,180000,12.100717685412471,1147
18.50166403632777,174500,12.069685751267224,1148
19.444823379960113,116900,11.669082701743504,1149
18.241700652135435,143000,11.870606902224587,1150
18.703989247273594,124000,11.728044909070785,1151
18.95962065848032,149900,11.917730355182513,1152
18.878772987017907,230000,12.345838935721968,1153
19.91499914768437,120500,11.699413330633599,1154
19.10155920041129,201800,12.215037342290755,1155
19.361099097111364,218000,12.292254928916668,1156
19.092907391644015,179900,12.100161978566867,1157
20.090604818042905,230000,12.345838935721968,1158
20.113983285410566,235128,12.367889578686164,1159
19.304038714088176,185000,12.128116509451258,1160
19.371515973434597,146000,11.891368749982085,1161
19.76028752791237,224000,12.319405795112926,1162
19.150338114477023,129000,11.767575435251748,1163
19.165631811304415,108959,11.59873612138334,1164
19.41058783260694,194000,12.175618592671356,1165
20.123204589923766,233170,12.359527368950229,1166
20.111706059114052,245350,12.41044511731981,1167
19.901362458969093,173000,12.06105265381003,1168
18.394475974781688,235000,12.367345048436391,1169
19.84138057502337,625000,13.345508528717259,1170
19.356209813310798,171000,12.049424683420915,1171
18.927572153992358,163000,12.001511614739405,1172
20.027918918821054,171900,12.05467400868968,1173
-330.1811426327302,200500,12.208574513247495,1174
18.307469322579543,239000,12.384223015005313,1175
19.742779922842335,285000,12.560247968016562,1176
19.501961701616967,119500,11.691080018519527,1177
18.122730304923483,115000,11.652696102959753,1178
18.008283078446485,154900,11.950541482162043,1179
-330.2976169453478,93000,11.440365524765756,1180
19.674902384775194,250000,12.429220196836383,1181
20.099708909143015,392500,12.880294363972055,1182
19.866297050994813,745000,13.521140839642674,1183
19.20519399838607,120000,11.695255355062795,1184
19.076135715752468,186700,12.137263685701864,1185
19.05366997524085,104900,11.560772327227417,1186
18.004080665569383,95000,11.461642696843066,1187
19.77896827571935,262000,12.476103599529843,1188
19.95037950705214,195000,12.180759965737863,1189
19.878294133263566,189000,12.149507585033072,1190
19.3545258075193,168000,12.031725210748633,1191
19.865530285053506,174000,12.066816325306588,1192
18.10968880755082,125000,11.736077016252437,1193
19.87429819168232,165000,12.013706813470414,1194
19.161136605548737,158000,11.970356641102999,1195
20.009727823920652,176000,12.07824495582233,1196
20.058919584829923,219210,12.29779001527865,1197
17.890679555498416,144000,11.87757552297847,1198
19.930174891982666,178000,12.08954444723597,1199
19.293087615204705,148000,11.904974309480183,1200
19.22523951259614,116050,11.6617850286409,1201
19.860064367518813,197900,12.19552218463499,1202
18.931625248007222,117000,11.669937760751914,1203
19.914235234022776,213000,12.269052139516223,1204
19.316381050773362,153500,11.941462360646149,1205
19.710729591219142,271900,12.513193308436527,1206
19.08248488855084,107000,11.580593459194764,1207
19.984713871931017,200000,12.206077645517674,1208
19.43187673576526,140000,11.849404844423074,1209
20.06253028463337,290000,12.577639650232573,1210
19.723897346141886,189000,12.149507585033072,1211
19.627365185034265,164000,12.00762780434872,1212
18.488975995409447,113000,11.635151947212842,1213
19.05916679433521,145000,11.884495917930655,1214
18.995841468676353,134500,11.80932691294063,1215
19.096412820078,125000,11.736077016252437,1216
19.302928654939382,112000,11.626263078808801,1217
20.11779253003128,229456,12.343470927093518,1218
-330.3029161918469,80500,11.296024885689746,1219
-330.22833395448976,91500,11.424105180165641,1220
19.039107227576736,115000,11.652696102959753,1221
19.14715351509223,134000,11.80560254159177,1222
18.700959666119918,143000,11.870606902224587,1223
18.765224525848176,137900,11.834291315386718,1224
19.99700403592014,184000,12.122696471358964,1225
18.901842049500985,145000,11.884495917930655,1226
20.084164322002874,214000,12.273735966890268,1227
19.71074738731527,147000,11.898194668458823,1228
20.132408168880662,367294,12.813920618864572,1229
18.956798536464927,127000,11.751950239425476,1230
19.37973923302876,190000,12.154784614286667,1231
19.010143147027176,132500,11.794345471549745,1232
18.921044559343414,101800,11.530775206233024,1233
18.94175814455875,142000,11.863589378812122,1234
-330.2061618386233,130000,11.775297421715827,1235
17.856987477309836,138887,11.841423131921784,1236
19.960004413513214,175500,12.075400019877522,1237
19.99689721800085,195000,12.180759965737863,1238
20.01728842931882,142500,11.86710429621008,1239
20.057919243936976,265900,12.490879338036375,1240
19.975441398757507,224900,12.323415584358154,1241
20.09460325542422,248328,12.42250975887691,1242
19.304271961495424,170000,12.04355959836804,1243
20.08772437197785,465000,13.049794835104816,1244
18.28154468254717,230000,12.345838935721968,1245
19.53930156013019,178000,12.08954444723597,1246
20.01791417336009,186500,12.136191879981927,1247
19.35365517817731,169900,12.042971193457888,1248
18.70990759358416,129500,11.771443882099637,1249
18.712867726188737,119000,11.686887175419702,1250
19.178275187650183,244000,12.404927602627597,1251
19.97564735692825,171750,12.053801032483948,1252
19.132568504894778,130000,11.775297421715827,1253
19.318814905319154,294000,12.591338447675579,1254
19.97071056013438,165400,12.016128107502665,1255
19.378229532772323,127500,11.755879486687116,1256
19.794718238658383,301500,12.616528611893463,1257
-330.2200048578205,99900,11.511934974596555,1258
20.016108732958468,190000,12.154784614286667,1259
19.1834265147502,151000,11.92504173829169,1260
19.882895599285334,181000,12.10625783509458,1261
18.858421908751517,128900,11.766799946849087,1262
18.889391139299203,161500,11.992266613576142,1263
18.483821682390772,180500,12.103491596905931,1264
19.84987809177578,181000,12.10625783509458,1265
19.869350799632226,183900,12.12215284831553,1266
18.93958564880536,122000,11.711784520403112,1267
20.15352389247574,378500,12.843973993864076,1268
19.514849654505305,381000,12.850557278777309,1269
18.905359843487894,144000,11.87757552297847,1270
19.43090755333867,260000,12.468440756144114,1271
19.16182900410134,185750,12.132162346145595,1272
19.070528974584796,137000,11.827743504053695,1273
18.94781869713766,177000,12.083910661257521,1274
19.531538235195434,139000,11.842236406331555,1275
18.678021058766532,137000,11.827743504053695,1276
19.245125521106054,162000,11.995357787034976,1277
19.144914778409614,197900,12.19552218463499,1278
19.960285031433703,237000,12.37581963951765,1279
19.4046654810961,68400,11.133142723386813,1280
19.958429769096515,227000,12.33270970174018,1281
19.679990150482254,180000,12.100717685412471,1282
19.373556047826373,150500,11.921725007667265,1283
-330.1986517917404,139000,11.842236406331555,1284
19.169783493020955,169000,12.037659911047468,1285
18.44636983370562,132500,11.794345471549745,1286
19.05050441356368,143000,11.870606902224587,1287
19.069760442848132,190000,12.154784614286667,1288
19.909064762998725,278000,12.535379989788607,1289
20.069449737841623,281000,12.546113507028412,1290
19.064504340660882,180500,12.103491596905931,1291
19.207450539091294,119500,11.691080018519527,1292
19.53735125609102,107500,11.58525542883217,1293
19.354126829319036,162900,12.000897933306716,1294
18.88849695255283,115000,11.652696102959753,1295
19.139766613038663,138500,11.83863282480007,1296
19.029630537558727,155000,11.951186847493476,1297
19.993531984367724,140000,11.849404844423074,1298
20.18088230874938,160000,11.982935344196433,1299
18.9346519873981,154000,11.944714374881176,1300
19.886664289646845,225000,12.323860125621126,1301
18.531079829912404,177500,12.086731521684555,1302
19.795424241290107,290000,12.577639650232573,1303
20.043699553735923,232000,12.354496960983985,1304
19.98285218785243,130000,11.775297421715827,1305
20.074923680652297,325000,12.691583538230217,1306
20.021881005848737,202500,12.218500103788143,1307
19.892422814616268,138000,11.835016210489899,1308
18.68822933270333,147000,11.898194668458823,1309
19.69228913757879,179200,12.09626335986454,1310
18.96204550721262,335000,12.721888795877375,1311
20.0227749565163,203000,12.220966184120165,1312
19.69944905534065,302000,12.618185607609803,1313
19.91399903619505,333168,12.716405147731708,1314
18.85329902075543,119000,11.686887175419702,1315
19.188368570853015,206900,12.239995696974733,1316
20.12045001908523,295493,12.596403811053621,1317
20.040924498049158,208900,12.249615734512616,1318
19.958162382336532,275000,12.524530013005734,1319
18.805899752225525,111000,11.6172944892629,1320
18.914571272785455,156500,11.960817678718287,1321
18.73884918275172,72500,11.19135563385109,1322
19.726118575314953,190000,12.154784614286667,1323
-330.22826600415726,82500,11.320565693461432,1324
20.098751123945195,147000,11.898194668458823,1325
-330.2367140249548,55000,10.915106645867503,1326
-330.2393802157736,79000,11.277215789596893,1327
19.463802238743188,130500,11.779136168550774,1328
18.034504023436444,256000,12.45293662970407,1329
19.857416950146657,176500,12.081081821061819,1330
20.073767963742913,227000,12.33270970174018,1331
19.334412664156893,132500,11.794345471549745,1332
18.8939072976532,100000,11.51293546492023,1333
18.72490012377206,125500,11.74006900564972,1334
19.168166198360026,125000,11.736077016252437,1335
19.374351653875113,167900,12.031129798974042,1336
19.274962201951116,135000,11.813037464800539,1337
-330.2201638811859,52500,10.868587496017359,1338
19.955616751200207,200000,12.206077645517674,1339
19.233439448467802,128500,11.763691965388299,1340
19.291852420391795,123000,11.719947764402807,1341
19.99726325160259,155000,11.951186847493476,1342
19.96545957373511,228500,12.339295865674435,1343
18.222168279783425,177000,12.083910661257521,1344
20.04196496973268,155835,11.95655945119582,1345
19.792712747320557,108500,11.59451466851004,1346
19.179493179385776,262500,12.47801017053037,1347
20.075216685150966,283463,12.554840409959793,1348
19.868414443816715,215000,12.278397958261774,1349
-330.22413032255895,122000,11.711784520403112,1350
19.206413542713225,200000,12.206077645517674,1351
19.0191324618469,171000,12.049424683420915,1352
19.86020163226964,134900,11.812296455066814,1353
19.84655317571329,410000,12.923914877701906,1354
19.922753597417955,235000,12.367345048436391,1355
19.158057890138412,170000,12.04355959836804,1356
19.0866289797692,110000,11.608244735642321,1357
19.224379642441253,149900,11.917730355182513,1358
19.889966241328572,177500,12.086731521684555,1359
20.039589831888794,315000,12.660331092405906,1360
19.83647364937213,189000,12.149507585033072,1361
20.038561261913916,260000,12.468440756144114,1362
18.00557506587333,104900,11.560772327227417,1363
20.057386666660523,156932,11.963574241653713,1364
19.992408212420433,144152,11.878630514504515,1365
19.905889307881004,216000,12.283038316285214,1366
19.884141181356608,193000,12.170450649220749,1367
19.343471800913314,127000,11.751950239425476,1368
19.959440348538614,144000,11.87757552297847,1369
19.993901966582243,232000,12.354496960983985,1370
19.10263077143678,105000,11.561725152903833,1371
18.85333748879392,165500,12.016732516077072,1372
19.867406452273972,274300,12.521981322562505,1373
19.978040204962358,466500,13.05301544288996,1374
20.043322770042728,250000,12.429220196836383,1375
20.093328890798787,239000,12.384223015005313,1376
18.108970204528944,91000,11.418625774449596,1377
19.367625317195447,117000,11.669937760751914,1378
19.226504748140705,83000,11.326607934898927,1379
20.050522241250405,167500,12.02874460037869,1380
18.40595079038649,58500,10.97679912709094,1381
19.212074214044595,237500,12.377927112974284,1382
19.624711696715597,157000,11.964007453736912,1383
20.051483638857796,112000,11.626263078808801,1384
18.446236904491663,105000,11.561725152903833,1385
18.03645041241889,125500,11.74006900564972,1386
19.424426619023173,250000,12.429220196836383,1387
17.908382428074173,136000,11.820417517632333,1388
20.0768625836717,377500,12.84132849667433,1389
19.95213388333976,131000,11.782960235741939,1390
19.91250000479136,235000,12.367345048436391,1391
19.14223907653098,124000,11.728044909070785,1392
19.112238881277463,123000,11.719947764402807,1393
19.947664812824314,163000,12.001511614739405,1394
20.054809792136123,246578,12.415437707935368,1395
20.04609429354738,281213,12.546871224308068,1396
19.114762473248078,160000,11.982935344196433,1397
18.292714929433814,137500,11.83138646878959,1398
18.71222016553954,138000,11.835016210489899,1399
18.123890288054362,137450,11.831022768939789,1400
18.197649659932775,120000,11.695255355062795,1401
19.986806009848426,193000,12.170450649220749,1402
20.051582436345047,193879,12.174994689959313,1403
20.088414057683345,282922,12.552930054797935,1404
19.841199899468823,105000,11.561725152903833,1405
20.00726314802111,275000,12.524530013005734,1406
19.60716248144281,133000,11.798111925972618,1407
-330.2106777435536,112000,11.626263078808801,1408
19.09360158013409,125500,11.74006900564972,1409
19.583201871788667,215000,12.278397958261774,1410
19.932941061545186,230000,12.345838935721968,1411
18.718201638043883,140000,11.849404844423074,1412
18.77487743903151,90000,11.407576060361786,1413
20.04097708471744,257000,12.456835254920371,1414
18.07027462028619,207000,12.240478903153711,1415
20.07624224511178,175900,12.077676615757813,1416
19.207503507526937,122500,11.715874472198905,1417
19.894875175243953,340000,12.73670383776449,1418
19.00607986422734,124000,11.728044909070785,1419
19.185737340958912,223000,12.314931534737134,1420
19.1666627960213,179900,12.100161978566867,1421
19.361232175730446,127500,11.755879486687116,1422
19.955032197346267,136500,11.824087219587643,1423
19.121390677136805,274970,12.524420916542532,1424
19.201546115663717,144000,11.87757552297847,1425
18.973742805863193,142000,11.863589378812122,1426
19.778242392784662,271000,12.509877789891931,1427
18.997369087224037,140000,11.849404844423074,1428
18.46255758527796,119000,11.686887175419702,1429
19.461520260562754,182900,12.116700301832573,1430
20.018294336429328,192140,12.165984756488543,1431
19.317770828213472,143750,11.87583791515714,1432
18.180821533337042,64500,11.07443600653965,1433
19.905216221179874,186500,12.136191879981927,1434
19.36484993964111,160000,11.982935344196433,1435
19.021895932575838,174000,12.066816325306588,1436
19.283313432961087,120500,11.699413330633599,1437
20.129105760729903,394617,12.885673487343764,1438
18.89055226933049,149700,11.916395250412128,1439
19.40815939731894,197000,12.190964083849375,1440
19.7362789757381,191000,12.160033942617156,1441
19.98411040364123,149300,11.913719681428494,1442
20.1214123791276,310000,12.644330802262578,1443
17.897060853865508,121000,11.703554089007538,1444
20.006356286827135,179600,12.098493002763465,1445
19.636935906024302,129000,11.767575435251748,1446
19.005365803948187,157900,11.969723533345908,1447
19.800922056404087,240000,12.388398368982115,1448
18.706420828367193,112000,11.626263078808801,1449
-330.2313503861438,92000,11.429554725537322,1450
-330.20199372197845,136000,11.820417517632333,1451
20.11610979523213,287090,12.567554517655415,1452
19.99141200655241,145000,11.884495917930655,1453
-330.1929811089251,84500,11.344518647594766,1454
19.994725528317517,185000,12.128116509451258,1455
19.87756835047266,175000,12.07254696717504,1456
19.4088177783734,210000,12.25486757159303,1457
18.518629020796002,266500,12.493133274926212,1458
18.710392686491723,142125,11.864469267087891,1459
19.07796281146364,147500,11.901590234400047,1460
